Post,Root Comment,Reply
Anh chị nào đã hk môn lập trình hướng đối tượng cho em xin review các thầy cô dạy môn này với ạ . Em cảm ơn,Cô Minh Châu nhé.,Cô dạy hay hay điểm cao hả anh mà cô có dễ tính k ạ
Anh chị nào đã hk môn lập trình hướng đối tượng cho em xin review các thầy cô dạy môn này với ạ . Em cảm ơn,Cô Minh Châu nhé.,Điểm khá cao. Khá dễ tính. Best teacher ever.
Anh chị nào đã hk môn lập trình hướng đối tượng cho em xin review các thầy cô dạy môn này với ạ . Em cảm ơn,Cô Minh Châu nhé.,Anh cho em hỏi luôn môn kiến trúc mt vs ạ
Anh chị nào đã hk môn lập trình hướng đối tượng cho em xin review các thầy cô dạy môn này với ạ . Em cảm ơn,Cô Minh Châu nhé.,Môn đó anh không rõ lắm.
Anh chị nào đã hk môn lập trình hướng đối tượng cho em xin review các thầy cô dạy môn này với ạ . Em cảm ơn,Cô Minh Châu nhé.,Vâng ạ thank a
Anh chị nào đã hk môn lập trình hướng đối tượng cho em xin review các thầy cô dạy môn này với ạ . Em cảm ơn,Cô Minh Châu nhé.,kiến trúc mt thầy thành đi học đầy đủ auto A nhé
Anh chị nào đã hk môn lập trình hướng đối tượng cho em xin review các thầy cô dạy môn này với ạ . Em cảm ơn,Né a Việt Anh ra  :))),Why?
Anh chị nào đã hk môn lập trình hướng đối tượng cho em xin review các thầy cô dạy môn này với ạ . Em cảm ơn,Né a Việt Anh ra  :))),Điểm danh siêu đủ và random chấm bt
Anh chị nào đã hk môn lập trình hướng đối tượng cho em xin review các thầy cô dạy môn này với ạ . Em cảm ơn,Né a Việt Anh ra  :))),"Chuẩn luôn, thầy Việt Anh chưa bao giờ k điểm danh"
Anh chị nào đã hk môn lập trình hướng đối tượng cho em xin review các thầy cô dạy môn này với ạ . Em cảm ơn,Né a Việt Anh ra  :))),Nhìn cái bảng tổng kết gửi cả lớp chi chít điểm danh
Anh chị nào đã hk môn lập trình hướng đối tượng cho em xin review các thầy cô dạy môn này với ạ . Em cảm ơn,Né a Việt Anh ra  :))),Opa Gou Học cả kì trừ những hôm thầy cho nghỉ ra còn lại k dám nghỉ buổi nào
Anh chị nào đã hk môn lập trình hướng đối tượng cho em xin review các thầy cô dạy môn này với ạ . Em cảm ơn,Né a Việt Anh ra  :))),"Thôi kỳ này đk lớp thầy đi, cho có tinh thần đến trg"
Anh chị nào đã hk môn lập trình hướng đối tượng cho em xin review các thầy cô dạy môn này với ạ . Em cảm ơn,Né a Việt Anh ra  :))),"còn chả biết thầy dạy môn nào nữa mà đăng kí, đợt trước học tin 1 của thầy"
Anh chị nào đã hk môn lập trình hướng đối tượng cho em xin review các thầy cô dạy môn này với ạ . Em cảm ơn,Né a Việt Anh ra  :))),Thầy có đẹp trai không?
Anh chị nào đã hk môn lập trình hướng đối tượng cho em xin review các thầy cô dạy môn này với ạ . Em cảm ơn,Né a Việt Anh ra  :))),suýt ^^
Anh chị nào đã hk môn lập trình hướng đối tượng cho em xin review các thầy cô dạy môn này với ạ . Em cảm ơn,Né a Việt Anh ra  :))),V.A sẽ đc tặng kèm bộ cạ Bảo Ngọc    max đập troai
Anh chị nào đã hk môn lập trình hướng đối tượng cho em xin review các thầy cô dạy môn này với ạ . Em cảm ơn,Kiến trúc máy tính thầy Thành  nhá,Ai khuyên đây nhể
Anh chị nào đã hk môn lập trình hướng đối tượng cho em xin review các thầy cô dạy môn này với ạ . Em cảm ơn,Kiến trúc máy tính thầy Thành  nhá,Ko biết
Anh chị nào đã hk môn lập trình hướng đối tượng cho em xin review các thầy cô dạy môn này với ạ . Em cảm ơn,Kiến trúc máy tính thầy Thành  nhá,
Anh chị nào đã hk môn lập trình hướng đối tượng cho em xin review các thầy cô dạy môn này với ạ . Em cảm ơn,Kiến trúc máy tính thầy Thành  nhá,Thầy dễ tính hay điểm cao hả chị
Anh chị nào đã hk môn lập trình hướng đối tượng cho em xin review các thầy cô dạy môn này với ạ . Em cảm ơn,Kiến trúc máy tính thầy Thành  nhá,Thầy thì ko dễ tính lắm. Nhưng điểm dễ. Đi học đầy đủ dc cộng 1 vào điểm TỔNG KẾT. Lên bảng 1 lần cộng 1 nữa.mình dc 6.0 mà cuối cùng lên 8.0 :))))
Anh chị nào đã hk môn lập trình hướng đối tượng cho em xin review các thầy cô dạy môn này với ạ . Em cảm ơn,Kiến trúc máy tính thầy Thành  nhá,Ok thank chị
Anh chị nào đã hk môn lập trình hướng đối tượng cho em xin review các thầy cô dạy môn này với ạ . Em cảm ơn,Phạm Đức Dũng :)),
Anh chị nào đã hk môn lập trình hướng đối tượng cho em xin review các thầy cô dạy môn này với ạ . Em cảm ơn,Thêm chữ lại vào trước chữ học các anh sẽ tư vấn nhiệt tình hơn,
Anh chị nào đã hk môn lập trình hướng đối tượng cho em xin review các thầy cô dạy môn này với ạ . Em cảm ơn,"Sinh viên giờ toàn tìm thầy cô dễ tính, ko kiểm tra nhiều mà điểm cao :)))",hồi xưa m ko thế à =))
Anh chị nào đã hk môn lập trình hướng đối tượng cho em xin review các thầy cô dạy môn này với ạ . Em cảm ơn,"Sinh viên giờ toàn tìm thầy cô dễ tính, ko kiểm tra nhiều mà điểm cao :)))",Như m thôi :)))
"Mọi người ơi cho em xin review môn Tối ưu hoá của thầy Nghiêm Nguyễn Việt Dũng và môn Phương pháp tính của thầy Lê Phê Đô với ạ 
Trong 2 môn trên em nên học môn nào hơn và môn đó sẽ về nội dung gì ạ? 
Em cảm ơn!",.,
"Mọi người ơi cho em xin review môn Tối ưu hoá của thầy Nghiêm Nguyễn Việt Dũng và môn Phương pháp tính của thầy Lê Phê Đô với ạ 
Trong 2 môn trên em nên học môn nào hơn và môn đó sẽ về nội dung gì ạ? 
Em cảm ơn!",Thầy Trần Trúc Mai nhé,Thầy tên kute thế
"Mọi người ơi cho em xin review môn Tối ưu hoá của thầy Nghiêm Nguyễn Việt Dũng và môn Phương pháp tính của thầy Lê Phê Đô với ạ 
Trong 2 môn trên em nên học môn nào hơn và môn đó sẽ về nội dung gì ạ? 
Em cảm ơn!",thầy Nguyễn Hoài Sơn nhé,Thầy dạy dễ hiểu không ạ?
"Mọi người ơi cho em xin review môn Tối ưu hoá của thầy Nghiêm Nguyễn Việt Dũng và môn Phương pháp tính của thầy Lê Phê Đô với ạ 
Trong 2 môn trên em nên học môn nào hơn và môn đó sẽ về nội dung gì ạ? 
Em cảm ơn!",thầy Nguyễn Hoài Sơn nhé,dễ thì dễ nhưng điểm sao đc vậy
"Mọi người ơi cho em xin review môn Tối ưu hoá của thầy Nghiêm Nguyễn Việt Dũng và môn Phương pháp tính của thầy Lê Phê Đô với ạ 
Trong 2 môn trên em nên học môn nào hơn và môn đó sẽ về nội dung gì ạ? 
Em cảm ơn!",thầy Nguyễn Hoài Sơn nhé,"thầy dạy dễ tập trung trên lớp là được, giữa kỳ cũng k khó lắm cứ theo slide là được, đấy là năm mình học"
"Mọi người ơi cho em xin review môn Tối ưu hoá của thầy Nghiêm Nguyễn Việt Dũng và môn Phương pháp tính của thầy Lê Phê Đô với ạ 
Trong 2 môn trên em nên học môn nào hơn và môn đó sẽ về nội dung gì ạ? 
Em cảm ơn!",thầy Nguyễn Hoài Sơn nhé,Em cảm ơn ạ ^^
"Mọi người ơi cho em xin review môn Tối ưu hoá của thầy Nghiêm Nguyễn Việt Dũng và môn Phương pháp tính của thầy Lê Phê Đô với ạ 
Trong 2 môn trên em nên học môn nào hơn và môn đó sẽ về nội dung gì ạ? 
Em cảm ơn!",thầy Nguyễn Hoài Sơn nhé,???? Anh
"Mọi người ơi cho em xin review môn Tối ưu hoá của thầy Nghiêm Nguyễn Việt Dũng và môn Phương pháp tính của thầy Lê Phê Đô với ạ 
Trong 2 môn trên em nên học môn nào hơn và môn đó sẽ về nội dung gì ạ? 
Em cảm ơn!",thầy Nguyễn Hoài Sơn nhé,thế n mới thú zị
"Mọi người ơi cho em xin review môn Tối ưu hoá của thầy Nghiêm Nguyễn Việt Dũng và môn Phương pháp tính của thầy Lê Phê Đô với ạ 
Trong 2 môn trên em nên học môn nào hơn và môn đó sẽ về nội dung gì ạ? 
Em cảm ơn!",học thầy Hồ Đắc Phương với Sơn đi,Thầy dễ tính không
"Mọi người ơi cho em xin review môn Tối ưu hoá của thầy Nghiêm Nguyễn Việt Dũng và môn Phương pháp tính của thầy Lê Phê Đô với ạ 
Trong 2 môn trên em nên học môn nào hơn và môn đó sẽ về nội dung gì ạ? 
Em cảm ơn!",học thầy Hồ Đắc Phương với Sơn đi,"học vui lắm, thầy bảo đến lớp không được mang sách vở, chỉ cần ngồi nghe thôi rồi về nhà làm gì thì làm"
"Mọi người ơi cho em xin review môn Tối ưu hoá của thầy Nghiêm Nguyễn Việt Dũng và môn Phương pháp tính của thầy Lê Phê Đô với ạ 
Trong 2 môn trên em nên học môn nào hơn và môn đó sẽ về nội dung gì ạ? 
Em cảm ơn!",học thầy Hồ Đắc Phương với Sơn đi,thầy cũng k khó tính đâu. đến trc thầy là đc
"Mọi người ơi cho em xin review môn Tối ưu hoá của thầy Nghiêm Nguyễn Việt Dũng và môn Phương pháp tính của thầy Lê Phê Đô với ạ 
Trong 2 môn trên em nên học môn nào hơn và môn đó sẽ về nội dung gì ạ? 
Em cảm ơn!",học thầy Hồ Đắc Phương với Sơn đi,Thế thì Chin trượt chắc luôn =))
"Mọi người ơi cho em xin review môn Tối ưu hoá của thầy Nghiêm Nguyễn Việt Dũng và môn Phương pháp tính của thầy Lê Phê Đô với ạ 
Trong 2 môn trên em nên học môn nào hơn và môn đó sẽ về nội dung gì ạ? 
Em cảm ơn!",học thầy Hồ Đắc Phương với Sơn đi,chỉ cần đến lớp đúng giờ thôi mà
"Mọi người ơi cho em xin review môn Tối ưu hoá của thầy Nghiêm Nguyễn Việt Dũng và môn Phương pháp tính của thầy Lê Phê Đô với ạ 
Trong 2 môn trên em nên học môn nào hơn và môn đó sẽ về nội dung gì ạ? 
Em cảm ơn!",học thầy Hồ Đắc Phương với Sơn đi,Đấy là cả vấn đề luôn rồi =)))
"Mọi người ơi cho em xin review môn Tối ưu hoá của thầy Nghiêm Nguyễn Việt Dũng và môn Phương pháp tính của thầy Lê Phê Đô với ạ 
Trong 2 môn trên em nên học môn nào hơn và môn đó sẽ về nội dung gì ạ? 
Em cảm ơn!",học thầy Hồ Đắc Phương với Sơn đi,Nguyen Thi Thu Huong điểm thế nào vậy chị?
"Mọi người ơi cho em xin review môn Tối ưu hoá của thầy Nghiêm Nguyễn Việt Dũng và môn Phương pháp tính của thầy Lê Phê Đô với ạ 
Trong 2 môn trên em nên học môn nào hơn và môn đó sẽ về nội dung gì ạ? 
Em cảm ơn!",học thầy Hồ Đắc Phương với Sơn đi,cũng đc. nói chung thầy dễ tính mà
"Mọi người ơi cho em xin review môn Tối ưu hoá của thầy Nghiêm Nguyễn Việt Dũng và môn Phương pháp tính của thầy Lê Phê Đô với ạ 
Trong 2 môn trên em nên học môn nào hơn và môn đó sẽ về nội dung gì ạ? 
Em cảm ơn!",Vote học marketing :)) học mạng máy tính tạch đấy,Kiểu gì cũng phải học 1 cái không liên quan nên học mạng chắc hay hơn a ạ
"Mọi người ơi cho em xin review môn Tối ưu hoá của thầy Nghiêm Nguyễn Việt Dũng và môn Phương pháp tính của thầy Lê Phê Đô với ạ 
Trong 2 môn trên em nên học môn nào hơn và môn đó sẽ về nội dung gì ạ? 
Em cảm ơn!",Vote học marketing :)) học mạng máy tính tạch đấy,:)) A khuyên thôi. chứ tùy e mà
"Mọi người ơi cho em xin review môn Tối ưu hoá của thầy Nghiêm Nguyễn Việt Dũng và môn Phương pháp tính của thầy Lê Phê Đô với ạ 
Trong 2 môn trên em nên học môn nào hơn và môn đó sẽ về nội dung gì ạ? 
Em cảm ơn!",Vote học marketing :)) học mạng máy tính tạch đấy,marketing đi e ơi
"Mọi người ơi cho em xin review môn Tối ưu hoá của thầy Nghiêm Nguyễn Việt Dũng và môn Phương pháp tính của thầy Lê Phê Đô với ạ 
Trong 2 môn trên em nên học môn nào hơn và môn đó sẽ về nội dung gì ạ? 
Em cảm ơn!",Vote học marketing :)) học mạng máy tính tạch đấy,Học mạng khó lắm à a
"Mọi người ơi cho em xin review môn Tối ưu hoá của thầy Nghiêm Nguyễn Việt Dũng và môn Phương pháp tính của thầy Lê Phê Đô với ạ 
Trong 2 môn trên em nên học môn nào hơn và môn đó sẽ về nội dung gì ạ? 
Em cảm ơn!",Vote học marketing :)) học mạng máy tính tạch đấy,thấy mấy đứa lớp a học xong lại chuyển qua marketing  để cái thiện
"Mọi người ơi cho em xin review môn Tối ưu hoá của thầy Nghiêm Nguyễn Việt Dũng và môn Phương pháp tính của thầy Lê Phê Đô với ạ 
Trong 2 môn trên em nên học môn nào hơn và môn đó sẽ về nội dung gì ạ? 
Em cảm ơn!",Vote học marketing :)) học mạng máy tính tạch đấy,điểm cao thì học marketing mặc dù chưa học  nhưng mà thic cảm giác mới lạ thì học mạng cũng ok
"Mọi người ơi cho em xin review môn Tối ưu hoá của thầy Nghiêm Nguyễn Việt Dũng và môn Phương pháp tính của thầy Lê Phê Đô với ạ 
Trong 2 môn trên em nên học môn nào hơn và môn đó sẽ về nội dung gì ạ? 
Em cảm ơn!",Vote học marketing :)) học mạng máy tính tạch đấy,Thích chơi ngu lấy tiếng chị ạ Nguyen Thi Thu Huong
"Mọi người ơi cho em xin review môn Tối ưu hoá của thầy Nghiêm Nguyễn Việt Dũng và môn Phương pháp tính của thầy Lê Phê Đô với ạ 
Trong 2 môn trên em nên học môn nào hơn và môn đó sẽ về nội dung gì ạ? 
Em cảm ơn!",thầy nguyễn văn nam best cho điểm nhé,Dễ hiểu không ạ?
"Mọi người ơi cho em xin review môn Tối ưu hoá của thầy Nghiêm Nguyễn Việt Dũng và môn Phương pháp tính của thầy Lê Phê Đô với ạ 
Trong 2 môn trên em nên học môn nào hơn và môn đó sẽ về nội dung gì ạ? 
Em cảm ơn!",thầy nguyễn văn nam best cho điểm nhé,Bỏ thầy Nam đi ._.
"Mọi người ơi cho em xin review môn Tối ưu hoá của thầy Nghiêm Nguyễn Việt Dũng và môn Phương pháp tính của thầy Lê Phê Đô với ạ 
Trong 2 môn trên em nên học môn nào hơn và môn đó sẽ về nội dung gì ạ? 
Em cảm ơn!",thầy nguyễn văn nam best cho điểm nhé,Sao thế
"Mọi người ơi cho em xin review môn Tối ưu hoá của thầy Nghiêm Nguyễn Việt Dũng và môn Phương pháp tính của thầy Lê Phê Đô với ạ 
Trong 2 môn trên em nên học môn nào hơn và môn đó sẽ về nội dung gì ạ? 
Em cảm ơn!",thầy nguyễn văn nam best cho điểm nhé,thầy dạy không hay đâu :))
"Mọi người ơi cho em xin review môn Tối ưu hoá của thầy Nghiêm Nguyễn Việt Dũng và môn Phương pháp tính của thầy Lê Phê Đô với ạ 
Trong 2 môn trên em nên học môn nào hơn và môn đó sẽ về nội dung gì ạ? 
Em cảm ơn!",thầy nguyễn văn nam best cho điểm nhé,Thầy nam nào thế chú
"Mọi người ơi cho em xin review môn Tối ưu hoá của thầy Nghiêm Nguyễn Việt Dũng và môn Phương pháp tính của thầy Lê Phê Đô với ạ 
Trong 2 môn trên em nên học môn nào hơn và môn đó sẽ về nội dung gì ạ? 
Em cảm ơn!",thầy nguyễn văn nam best cho điểm nhé,Nam tin 1 ý
"Mọi người ơi cho em xin review môn Tối ưu hoá của thầy Nghiêm Nguyễn Việt Dũng và môn Phương pháp tính của thầy Lê Phê Đô với ạ 
Trong 2 môn trên em nên học môn nào hơn và môn đó sẽ về nội dung gì ạ? 
Em cảm ơn!",thầy nguyễn văn nam best cho điểm nhé,Vũ Quốc Phong nam cơ nhiệt
"Mọi người ơi cho em xin review môn Tối ưu hoá của thầy Nghiêm Nguyễn Việt Dũng và môn Phương pháp tính của thầy Lê Phê Đô với ạ 
Trong 2 môn trên em nên học môn nào hơn và môn đó sẽ về nội dung gì ạ? 
Em cảm ơn!",thầy nguyễn văn nam best cho điểm nhé,thế chốt lại là th Nam nào?  mà tin1 hay cơ nhiệt cũng nên tránh
"Mọi người ơi cho em xin review môn Tối ưu hoá của thầy Nghiêm Nguyễn Việt Dũng và môn Phương pháp tính của thầy Lê Phê Đô với ạ 
Trong 2 môn trên em nên học môn nào hơn và môn đó sẽ về nội dung gì ạ? 
Em cảm ơn!",Học marketing đi. Học mạng ko học đc đâu,Sao vậy chị?
"Mọi người ơi cho em xin review môn Tối ưu hoá của thầy Nghiêm Nguyễn Việt Dũng và môn Phương pháp tính của thầy Lê Phê Đô với ạ 
Trong 2 môn trên em nên học môn nào hơn và môn đó sẽ về nội dung gì ạ? 
Em cảm ơn!",Học marketing đi. Học mạng ko học đc đâu,Nghe thì hay thôi toàn c với D có khi trượt. Học marketing điểm dễ mad nhàn hơn.
"Mọi người ơi cho em xin review môn Tối ưu hoá của thầy Nghiêm Nguyễn Việt Dũng và môn Phương pháp tính của thầy Lê Phê Đô với ạ 
Trong 2 môn trên em nên học môn nào hơn và môn đó sẽ về nội dung gì ạ? 
Em cảm ơn!",Học marketing đi. Học mạng ko học đc đâu,Khó vậy ạ @@
"Mọi người ơi cho em xin review môn Tối ưu hoá của thầy Nghiêm Nguyễn Việt Dũng và môn Phương pháp tính của thầy Lê Phê Đô với ạ 
Trong 2 môn trên em nên học môn nào hơn và môn đó sẽ về nội dung gì ạ? 
Em cảm ơn!",Học marketing đi. Học mạng ko học đc đâu,Ờ. Đừng lao vào học.mấy đứa lớp chị từng nghĩ như e rồi học lại hêt .Ko được thêm gì khéo lại trượt đấy.
"Mọi người ơi cho em xin review môn Tối ưu hoá của thầy Nghiêm Nguyễn Việt Dũng và môn Phương pháp tính của thầy Lê Phê Đô với ạ 
Trong 2 môn trên em nên học môn nào hơn và môn đó sẽ về nội dung gì ạ? 
Em cảm ơn!",Học marketing đi. Học mạng ko học đc đâu,Học marketing đi. Nhàn hơn nhiều
"Mọi người ơi cho em xin review môn Tối ưu hoá của thầy Nghiêm Nguyễn Việt Dũng và môn Phương pháp tính của thầy Lê Phê Đô với ạ 
Trong 2 môn trên em nên học môn nào hơn và môn đó sẽ về nội dung gì ạ? 
Em cảm ơn!",Học marketing đi. Học mạng ko học đc đâu,Yeb. Chị tích lũy bao nhiêu rồi thế
"Mọi người ơi cho em xin review môn Tối ưu hoá của thầy Nghiêm Nguyễn Việt Dũng và môn Phương pháp tính của thầy Lê Phê Đô với ạ 
Trong 2 môn trên em nên học môn nào hơn và môn đó sẽ về nội dung gì ạ? 
Em cảm ơn!",Học marketing đi. Học mạng ko học đc đâu,Trên 3.2
"Mọi người ơi cho em xin review môn Tối ưu hoá của thầy Nghiêm Nguyễn Việt Dũng và môn Phương pháp tính của thầy Lê Phê Đô với ạ 
Trong 2 môn trên em nên học môn nào hơn và môn đó sẽ về nội dung gì ạ? 
Em cảm ơn!",Học marketing đi. Học mạng ko học đc đâu,Chị đã làm như nào vậy
"Mọi người ơi cho em xin review môn Tối ưu hoá của thầy Nghiêm Nguyễn Việt Dũng và môn Phương pháp tính của thầy Lê Phê Đô với ạ 
Trong 2 môn trên em nên học môn nào hơn và môn đó sẽ về nội dung gì ạ? 
Em cảm ơn!",Với kinh nghiệm học mỗi tuần một thầy và mỗi thầy một phong cách dạy  thì anh thấy học thầy nào cũng ổn,Thầy cô nào có thể bao dung cho bọn vãng lai như e =))
"Mọi người ơi cho em xin review môn Tối ưu hoá của thầy Nghiêm Nguyễn Việt Dũng và môn Phương pháp tính của thầy Lê Phê Đô với ạ 
Trong 2 môn trên em nên học môn nào hơn và môn đó sẽ về nội dung gì ạ? 
Em cảm ơn!",Với kinh nghiệm học mỗi tuần một thầy và mỗi thầy một phong cách dạy  thì anh thấy học thầy nào cũng ổn,:)) Học như bọn anh mà còn qua đc/ :))
"Mọi người ơi cho em xin review môn Tối ưu hoá của thầy Nghiêm Nguyễn Việt Dũng và môn Phương pháp tính của thầy Lê Phê Đô với ạ 
Trong 2 môn trên em nên học môn nào hơn và môn đó sẽ về nội dung gì ạ? 
Em cảm ơn!",Với kinh nghiệm học mỗi tuần một thầy và mỗi thầy một phong cách dạy  thì anh thấy học thầy nào cũng ổn,1 sinh viên giỏi chia sẻ
"Mọi người ơi cho em xin review môn Tối ưu hoá của thầy Nghiêm Nguyễn Việt Dũng và môn Phương pháp tính của thầy Lê Phê Đô với ạ 
Trong 2 môn trên em nên học môn nào hơn và môn đó sẽ về nội dung gì ạ? 
Em cảm ơn!",Với kinh nghiệm học mỗi tuần một thầy và mỗi thầy một phong cách dạy  thì anh thấy học thầy nào cũng ổn,tạch rồi bé
"Mọi người ơi cho em xin review môn Tối ưu hoá của thầy Nghiêm Nguyễn Việt Dũng và môn Phương pháp tính của thầy Lê Phê Đô với ạ 
Trong 2 môn trên em nên học môn nào hơn và môn đó sẽ về nội dung gì ạ? 
Em cảm ơn!",Với kinh nghiệm học mỗi tuần một thầy và mỗi thầy một phong cách dạy  thì anh thấy học thầy nào cũng ổn,E nghi lắm
"Mọi người ơi cho em xin review môn Tối ưu hoá của thầy Nghiêm Nguyễn Việt Dũng và môn Phương pháp tính của thầy Lê Phê Đô với ạ 
Trong 2 môn trên em nên học môn nào hơn và môn đó sẽ về nội dung gì ạ? 
Em cảm ơn!",Với kinh nghiệm học mỗi tuần một thầy và mỗi thầy một phong cách dạy  thì anh thấy học thầy nào cũng ổn,tạch rồi/. cả  2 đứa
"Mọi người ơi cho em xin review môn Tối ưu hoá của thầy Nghiêm Nguyễn Việt Dũng và môn Phương pháp tính của thầy Lê Phê Đô với ạ 
Trong 2 môn trên em nên học môn nào hơn và môn đó sẽ về nội dung gì ạ? 
Em cảm ơn!",Với kinh nghiệm học mỗi tuần một thầy và mỗi thầy một phong cách dạy  thì anh thấy học thầy nào cũng ổn,Kì này e chưa tạch môn nào hú hú
"Mọi người ơi cho em xin review môn Tối ưu hoá của thầy Nghiêm Nguyễn Việt Dũng và môn Phương pháp tính của thầy Lê Phê Đô với ạ 
Trong 2 môn trên em nên học môn nào hơn và môn đó sẽ về nội dung gì ạ? 
Em cảm ơn!",Học chuyên nghiệp trong cn đi,Môn đấy không được tính hay sao ý a
"Mọi người ơi cho em xin review môn Tối ưu hoá của thầy Nghiêm Nguyễn Việt Dũng và môn Phương pháp tính của thầy Lê Phê Đô với ạ 
Trong 2 môn trên em nên học môn nào hơn và môn đó sẽ về nội dung gì ạ? 
Em cảm ơn!",Học chuyên nghiệp trong cn đi,Mmt vs cntcn là 2 môn tự chọn 3 tín mà đùa à
"Mọi người ơi cho em xin review môn Tối ưu hoá của thầy Nghiêm Nguyễn Việt Dũng và môn Phương pháp tính của thầy Lê Phê Đô với ạ 
Trong 2 môn trên em nên học môn nào hơn và môn đó sẽ về nội dung gì ạ? 
Em cảm ơn!",Học chuyên nghiệp trong cn đi,"Năm nay môn tự chọn có nguyên lí marketing, mạng máy tính với công nghệ phần mềm a ạ"
"Mọi người ơi cho em xin review môn Tối ưu hoá của thầy Nghiêm Nguyễn Việt Dũng và môn Phương pháp tính của thầy Lê Phê Đô với ạ 
Trong 2 môn trên em nên học môn nào hơn và môn đó sẽ về nội dung gì ạ? 
Em cảm ơn!",Học chuyên nghiệp trong cn đi,À chết mẹ a quên :]]]] cnpm :)) chuyên nghiệp là khác :))
"Mọi người ơi cho em xin review môn Tối ưu hoá của thầy Nghiêm Nguyễn Việt Dũng và môn Phương pháp tính của thầy Lê Phê Đô với ạ 
Trong 2 môn trên em nên học môn nào hơn và môn đó sẽ về nội dung gì ạ? 
Em cảm ơn!",Học chuyên nghiệp trong cn đi,Học cnpm di :)) k học mmt thầy trần trúc mai cũng đc :))
"Mọi người ơi cho em xin review môn Tối ưu hoá của thầy Nghiêm Nguyễn Việt Dũng và môn Phương pháp tính của thầy Lê Phê Đô với ạ 
Trong 2 môn trên em nên học môn nào hơn và môn đó sẽ về nội dung gì ạ? 
Em cảm ơn!",Học chuyên nghiệp trong cn đi,A học rồi à
"Mọi người ơi cho em xin review môn Tối ưu hoá của thầy Nghiêm Nguyễn Việt Dũng và môn Phương pháp tính của thầy Lê Phê Đô với ạ 
Trong 2 môn trên em nên học môn nào hơn và môn đó sẽ về nội dung gì ạ? 
Em cảm ơn!",Học chuyên nghiệp trong cn đi,À trc a học cnpm :)))
"Mọi người ơi cho em xin review môn Tối ưu hoá của thầy Nghiêm Nguyễn Việt Dũng và môn Phương pháp tính của thầy Lê Phê Đô với ạ 
Trong 2 môn trên em nên học môn nào hơn và môn đó sẽ về nội dung gì ạ? 
Em cảm ơn!",Học chuyên nghiệp trong cn đi,Dễ không a
"Mọi người ơi cho em xin review môn Tối ưu hoá của thầy Nghiêm Nguyễn Việt Dũng và môn Phương pháp tính của thầy Lê Phê Đô với ạ 
Trong 2 môn trên em nên học môn nào hơn và môn đó sẽ về nội dung gì ạ? 
Em cảm ơn!",Học chuyên nghiệp trong cn đi,Thầy Mai dạy thế nào ạ
"Mọi người ơi cho em xin review môn Tối ưu hoá của thầy Nghiêm Nguyễn Việt Dũng và môn Phương pháp tính của thầy Lê Phê Đô với ạ 
Trong 2 môn trên em nên học môn nào hơn và môn đó sẽ về nội dung gì ạ? 
Em cảm ơn!","Thầy Hồ Đắc Phương nhé, best =))(",Là sao?
"Mọi người ơi cho em xin review môn Tối ưu hoá của thầy Nghiêm Nguyễn Việt Dũng và môn Phương pháp tính của thầy Lê Phê Đô với ạ 
Trong 2 môn trên em nên học môn nào hơn và môn đó sẽ về nội dung gì ạ? 
Em cảm ơn!","Thầy Hồ Đắc Phương nhé, best =))(","Đầu tiên thầy sẽ dạy m trở thành 1 sinh viên gương, đi học đúng giờ, làm bài tập đầy đủ, và vì thế mà m sẽ qua môn, ez"
"Mọi người ơi cho em xin review môn Tối ưu hoá của thầy Nghiêm Nguyễn Việt Dũng và môn Phương pháp tính của thầy Lê Phê Đô với ạ 
Trong 2 môn trên em nên học môn nào hơn và môn đó sẽ về nội dung gì ạ? 
Em cảm ơn!","Thầy Hồ Đắc Phương nhé, best =))(",T sinh viên gương mẫu sẵn rồi =)))
"Mọi người ơi cho em xin review môn Tối ưu hoá của thầy Nghiêm Nguyễn Việt Dũng và môn Phương pháp tính của thầy Lê Phê Đô với ạ 
Trong 2 môn trên em nên học môn nào hơn và môn đó sẽ về nội dung gì ạ? 
Em cảm ơn!","Xác suất học thầy lê sỹ vinh ấy , kì này k có thì để kì sau",lúc k đki đc thể dục nên e tích bừa cái xác xuất cho đủ 6 môn
"Mọi người ơi cho em xin review môn Tối ưu hoá của thầy Nghiêm Nguyễn Việt Dũng và môn Phương pháp tính của thầy Lê Phê Đô với ạ 
Trong 2 môn trên em nên học môn nào hơn và môn đó sẽ về nội dung gì ạ? 
Em cảm ơn!","Xác suất học thầy lê sỹ vinh ấy , kì này k có thì để kì sau",Đừng học thầy hải
"Mọi người ơi cho em xin review môn Tối ưu hoá của thầy Nghiêm Nguyễn Việt Dũng và môn Phương pháp tính của thầy Lê Phê Đô với ạ 
Trong 2 môn trên em nên học môn nào hơn và môn đó sẽ về nội dung gì ạ? 
Em cảm ơn!","Xác suất học thầy lê sỹ vinh ấy , kì này k có thì để kì sau",k qua môn ạ
"Mọi người ơi cho em xin review môn Tối ưu hoá của thầy Nghiêm Nguyễn Việt Dũng và môn Phương pháp tính của thầy Lê Phê Đô với ạ 
Trong 2 môn trên em nên học môn nào hơn và môn đó sẽ về nội dung gì ạ? 
Em cảm ơn!","Xác suất học thầy lê sỹ vinh ấy , kì này k có thì để kì sau",mà C còn nhục hơn
"Mọi người ơi cho em xin review môn Tối ưu hoá của thầy Nghiêm Nguyễn Việt Dũng và môn Phương pháp tính của thầy Lê Phê Đô với ạ 
Trong 2 môn trên em nên học môn nào hơn và môn đó sẽ về nội dung gì ạ? 
Em cảm ơn!","Xác suất học thầy lê sỹ vinh ấy , kì này k có thì để kì sau","Thầy nhiệt tình , nhưng cho điểm thấp , đấy là review từ bạn a đã học , kì sau đki thầy lê sỹ vinh chủ nhiệm khoa cntt mà học"
"Mọi người ơi cho em xin review môn Tối ưu hoá của thầy Nghiêm Nguyễn Việt Dũng và môn Phương pháp tính của thầy Lê Phê Đô với ạ 
Trong 2 môn trên em nên học môn nào hơn và môn đó sẽ về nội dung gì ạ? 
Em cảm ơn!","Xác suất học thầy lê sỹ vinh ấy , kì này k có thì để kì sau",tks a :))
"Mọi người ơi cho em xin review môn Tối ưu hoá của thầy Nghiêm Nguyễn Việt Dũng và môn Phương pháp tính của thầy Lê Phê Đô với ạ 
Trong 2 môn trên em nên học môn nào hơn và môn đó sẽ về nội dung gì ạ? 
Em cảm ơn!",toán rr là ko lo tạch r,thật ạ :))
"Mọi người ơi cho em xin review môn Tối ưu hoá của thầy Nghiêm Nguyễn Việt Dũng và môn Phương pháp tính của thầy Lê Phê Đô với ạ 
Trong 2 môn trên em nên học môn nào hơn và môn đó sẽ về nội dung gì ạ? 
Em cảm ơn!",toán rr là ko lo tạch r,học thầy hải chán lắm
"Mọi người ơi cho em xin review môn Tối ưu hoá của thầy Nghiêm Nguyễn Việt Dũng và môn Phương pháp tính của thầy Lê Phê Đô với ạ 
Trong 2 môn trên em nên học môn nào hơn và môn đó sẽ về nội dung gì ạ? 
Em cảm ơn!",toán rr là ko lo tạch r,xác xuất ấy ạ ?
"Mọi người ơi cho em xin review môn Tối ưu hoá của thầy Nghiêm Nguyễn Việt Dũng và môn Phương pháp tính của thầy Lê Phê Đô với ạ 
Trong 2 môn trên em nên học môn nào hơn và môn đó sẽ về nội dung gì ạ? 
Em cảm ơn!",toán rr là ko lo tạch r,uk chán
"Mọi người ơi cho em xin review môn Tối ưu hoá của thầy Nghiêm Nguyễn Việt Dũng và môn Phương pháp tính của thầy Lê Phê Đô với ạ 
Trong 2 môn trên em nên học môn nào hơn và môn đó sẽ về nội dung gì ạ? 
Em cảm ơn!",toán rr là ko lo tạch r,lấy TL Toán rùng rợn ko
"Mọi người ơi cho em xin review môn Tối ưu hoá của thầy Nghiêm Nguyễn Việt Dũng và môn Phương pháp tính của thầy Lê Phê Đô với ạ 
Trong 2 môn trên em nên học môn nào hơn và môn đó sẽ về nội dung gì ạ? 
Em cảm ơn!",toán rr là ko lo tạch r,tks a ạ :))
"Mọi người ơi cho em xin review môn Tối ưu hoá của thầy Nghiêm Nguyễn Việt Dũng và môn Phương pháp tính của thầy Lê Phê Đô với ạ 
Trong 2 môn trên em nên học môn nào hơn và môn đó sẽ về nội dung gì ạ? 
Em cảm ơn!",toán rr là ko lo tạch r,vc a??
"Mọi người ơi cho em xin review môn Tối ưu hoá của thầy Nghiêm Nguyễn Việt Dũng và môn Phương pháp tính của thầy Lê Phê Đô với ạ 
Trong 2 môn trên em nên học môn nào hơn và môn đó sẽ về nội dung gì ạ? 
Em cảm ơn!",toán rr là ko lo tạch r,e 99
"Mọi người ơi cho em xin review môn Tối ưu hoá của thầy Nghiêm Nguyễn Việt Dũng và môn Phương pháp tính của thầy Lê Phê Đô với ạ 
Trong 2 môn trên em nên học môn nào hơn và môn đó sẽ về nội dung gì ạ? 
Em cảm ơn!",toán rr là ko lo tạch r,e sn 99 ạ
"Mọi người ơi cho em xin review môn Tối ưu hoá của thầy Nghiêm Nguyễn Việt Dũng và môn Phương pháp tính của thầy Lê Phê Đô với ạ 
Trong 2 môn trên em nên học môn nào hơn và môn đó sẽ về nội dung gì ạ? 
Em cảm ơn!",toán rr là ko lo tạch r,tưởng 97 mới học toán RR rồi
"Mọi người ơi cho em xin review môn Tối ưu hoá của thầy Nghiêm Nguyễn Việt Dũng và môn Phương pháp tính của thầy Lê Phê Đô với ạ 
Trong 2 môn trên em nên học môn nào hơn và môn đó sẽ về nội dung gì ạ? 
Em cảm ơn!","a khuyên m nên giữ 2, và 6",sao hai anh ở trên bảo đừng học Thầy Hải ??
"Mọi người ơi cho em xin review môn Tối ưu hoá của thầy Nghiêm Nguyễn Việt Dũng và môn Phương pháp tính của thầy Lê Phê Đô với ạ 
Trong 2 môn trên em nên học môn nào hơn và môn đó sẽ về nội dung gì ạ? 
Em cảm ơn!","a khuyên m nên giữ 2, và 6","hk thầy m chỉ cần chịu khó nghe giảng, ghi chép mà nhớ là oki"
"Mọi người ơi cho em xin review môn Tối ưu hoá của thầy Nghiêm Nguyễn Việt Dũng và môn Phương pháp tính của thầy Lê Phê Đô với ạ 
Trong 2 môn trên em nên học môn nào hơn và môn đó sẽ về nội dung gì ạ? 
Em cảm ơn!","a khuyên m nên giữ 2, và 6",
"Mọi người ơi cho em xin review môn Tối ưu hoá của thầy Nghiêm Nguyễn Việt Dũng và môn Phương pháp tính của thầy Lê Phê Đô với ạ 
Trong 2 môn trên em nên học môn nào hơn và môn đó sẽ về nội dung gì ạ? 
Em cảm ơn!","a khuyên m nên giữ 2, và 6",hình như hơi khó
"Mọi người ơi cho em xin review môn Tối ưu hoá của thầy Nghiêm Nguyễn Việt Dũng và môn Phương pháp tính của thầy Lê Phê Đô với ạ 
Trong 2 môn trên em nên học môn nào hơn và môn đó sẽ về nội dung gì ạ? 
Em cảm ơn!","a khuyên m nên giữ 2, và 6",chỉ cần học và nhớ
"Mọi người ơi cho em xin review môn Tối ưu hoá của thầy Nghiêm Nguyễn Việt Dũng và môn Phương pháp tính của thầy Lê Phê Đô với ạ 
Trong 2 môn trên em nên học môn nào hơn và môn đó sẽ về nội dung gì ạ? 
Em cảm ơn!","a khuyên m nên giữ 2, và 6",a có bảo m hk đâu
"Mọi người ơi cho em xin review môn Tối ưu hoá của thầy Nghiêm Nguyễn Việt Dũng và môn Phương pháp tính của thầy Lê Phê Đô với ạ 
Trong 2 môn trên em nên học môn nào hơn và môn đó sẽ về nội dung gì ạ? 
Em cảm ơn!","a khuyên m nên giữ 2, và 6",chỉ bảo m nhớ thôi mà
"Mọi người ơi cho em xin review môn Tối ưu hoá của thầy Nghiêm Nguyễn Việt Dũng và môn Phương pháp tính của thầy Lê Phê Đô với ạ 
Trong 2 môn trên em nên học môn nào hơn và môn đó sẽ về nội dung gì ạ? 
Em cảm ơn!","a khuyên m nên giữ 2, và 6",hahâ
"Mọi người ơi cho em xin review môn Tối ưu hoá của thầy Nghiêm Nguyễn Việt Dũng và môn Phương pháp tính của thầy Lê Phê Đô với ạ 
Trong 2 môn trên em nên học môn nào hơn và môn đó sẽ về nội dung gì ạ? 
Em cảm ơn!","a khuyên m nên giữ 2, và 6","chia sẻ của 1 thanh niên ""hè năm sau học lại cho chắc"" hahaha"
"Mọi người ơi cho em xin review môn Tối ưu hoá của thầy Nghiêm Nguyễn Việt Dũng và môn Phương pháp tính của thầy Lê Phê Đô với ạ 
Trong 2 môn trên em nên học môn nào hơn và môn đó sẽ về nội dung gì ạ? 
Em cảm ơn!",Hủy CTDL&GT đi em.............Để a học =)),
"Mọi người ơi cho em xin review môn Tối ưu hoá của thầy Nghiêm Nguyễn Việt Dũng và môn Phương pháp tính của thầy Lê Phê Đô với ạ 
Trong 2 môn trên em nên học môn nào hơn và môn đó sẽ về nội dung gì ạ? 
Em cảm ơn!",hủy xstk học lớp mh khác đi em =)),ai cũng bảo hủy sxtk =))
"Mọi người ơi cho em xin review môn Tối ưu hoá của thầy Nghiêm Nguyễn Việt Dũng và môn Phương pháp tính của thầy Lê Phê Đô với ạ 
Trong 2 môn trên em nên học môn nào hơn và môn đó sẽ về nội dung gì ạ? 
Em cảm ơn!",hủy xstk học lớp mh khác đi em =)),đúng rồi mà em =)) học 1 kỳ nhớ cả 4 năm
"Mọi người ơi cho em xin review môn Tối ưu hoá của thầy Nghiêm Nguyễn Việt Dũng và môn Phương pháp tính của thầy Lê Phê Đô với ạ 
Trong 2 môn trên em nên học môn nào hơn và môn đó sẽ về nội dung gì ạ? 
Em cảm ơn!",hủy xstk học lớp mh khác đi em =)),Lê Hà My ồ. môn kiến trúc máy tính học thầy Thành là quá tốt rồi =))
"Mọi người ơi cho em xin review môn Tối ưu hoá của thầy Nghiêm Nguyễn Việt Dũng và môn Phương pháp tính của thầy Lê Phê Đô với ạ 
Trong 2 môn trên em nên học môn nào hơn và môn đó sẽ về nội dung gì ạ? 
Em cảm ơn!",hủy xstk học lớp mh khác đi em =)),vâng ạ :))
"Mọi người ơi cho em xin review môn Tối ưu hoá của thầy Nghiêm Nguyễn Việt Dũng và môn Phương pháp tính của thầy Lê Phê Đô với ạ 
Trong 2 môn trên em nên học môn nào hơn và môn đó sẽ về nội dung gì ạ? 
Em cảm ơn!",hủy xstk học lớp mh khác đi em =)),cho e hỏi thể dục học ai mới tốt ạ ?e k thấy ai dạy TD tốt nên chưa đki
"Mọi người ơi cho em xin review môn Tối ưu hoá của thầy Nghiêm Nguyễn Việt Dũng và môn Phương pháp tính của thầy Lê Phê Đô với ạ 
Trong 2 môn trên em nên học môn nào hơn và môn đó sẽ về nội dung gì ạ? 
Em cảm ơn!",hủy xstk học lớp mh khác đi em =)),Lê Hà My
"Mọi người ơi cho em xin review môn Tối ưu hoá của thầy Nghiêm Nguyễn Việt Dũng và môn Phương pháp tính của thầy Lê Phê Đô với ạ 
Trong 2 môn trên em nên học môn nào hơn và môn đó sẽ về nội dung gì ạ? 
Em cảm ơn!",hủy xstk học lớp mh khác đi em =)),thể dục thì chịu em ạ =)) học ai cũng được. đi học đầy đủ là các thầy thoải mái cho qua ý mà
"Mọi người ơi cho em xin review môn Tối ưu hoá của thầy Nghiêm Nguyễn Việt Dũng và môn Phương pháp tính của thầy Lê Phê Đô với ạ 
Trong 2 môn trên em nên học môn nào hơn và môn đó sẽ về nội dung gì ạ? 
Em cảm ơn!",hủy xstk học lớp mh khác đi em =)),lại hà lê r
"Mọi người ơi cho em xin review môn Tối ưu hoá của thầy Nghiêm Nguyễn Việt Dũng và môn Phương pháp tính của thầy Lê Phê Đô với ạ 
Trong 2 môn trên em nên học môn nào hơn và môn đó sẽ về nội dung gì ạ? 
Em cảm ơn!",hủy xstk học lớp mh khác đi em =)),San im nào t còn đang giữ quà sn của m đấy nhé
"Mọi người ơi cho em xin review môn Tối ưu hoá của thầy Nghiêm Nguyễn Việt Dũng và môn Phương pháp tính của thầy Lê Phê Đô với ạ 
Trong 2 môn trên em nên học môn nào hơn và môn đó sẽ về nội dung gì ạ? 
Em cảm ơn!",16 tín :)),tư tưởng hcm
"Mọi người ơi cho em xin review môn Tối ưu hoá của thầy Nghiêm Nguyễn Việt Dũng và môn Phương pháp tính của thầy Lê Phê Đô với ạ 
Trong 2 môn trên em nên học môn nào hơn và môn đó sẽ về nội dung gì ạ? 
Em cảm ơn!",16 tín :)),còn slot c đâu
"Mọi người ơi cho em xin review môn Tối ưu hoá của thầy Nghiêm Nguyễn Việt Dũng và môn Phương pháp tính của thầy Lê Phê Đô với ạ 
Trong 2 môn trên em nên học môn nào hơn và môn đó sẽ về nội dung gì ạ? 
Em cảm ơn!","đổi lớp CTDLGT cho mình dc ko bạn, mình tặng cầu lông T7-8",mình hủy sxtk rồi nên còn mỗi 13 tín :))K đổi đc đâu :))
"Mọi người ơi cho em xin review môn Tối ưu hoá của thầy Nghiêm Nguyễn Việt Dũng và môn Phương pháp tính của thầy Lê Phê Đô với ạ 
Trong 2 môn trên em nên học môn nào hơn và môn đó sẽ về nội dung gì ạ? 
Em cảm ơn!","đổi lớp CTDLGT cho mình dc ko bạn, mình tặng cầu lông T7-8","ý mình là mình cũng có 1 lớp CTDLGT và muốn đổi với bạn, sau mình tặng bạn thêm cầu lông nữa để cảm ơn"
"Mọi người ơi cho em xin review môn Tối ưu hoá của thầy Nghiêm Nguyễn Việt Dũng và môn Phương pháp tính của thầy Lê Phê Đô với ạ 
Trong 2 môn trên em nên học môn nào hơn và môn đó sẽ về nội dung gì ạ? 
Em cảm ơn!","đổi lớp CTDLGT cho mình dc ko bạn, mình tặng cầu lông T7-8",nếu đổi thì bạn có 14 tín =))
"Mọi người ơi cho em xin review môn Tối ưu hoá của thầy Nghiêm Nguyễn Việt Dũng và môn Phương pháp tính của thầy Lê Phê Đô với ạ 
Trong 2 môn trên em nên học môn nào hơn và môn đó sẽ về nội dung gì ạ? 
Em cảm ơn!","đổi lớp CTDLGT cho mình dc ko bạn, mình tặng cầu lông T7-8",CTDLGT thứ với tiết như nào bạn :))
"Mọi người ơi cho em xin review môn Tối ưu hoá của thầy Nghiêm Nguyễn Việt Dũng và môn Phương pháp tính của thầy Lê Phê Đô với ạ 
Trong 2 môn trên em nên học môn nào hơn và môn đó sẽ về nội dung gì ạ? 
Em cảm ơn!","đổi lớp CTDLGT cho mình dc ko bạn, mình tặng cầu lông T7-8",ai dạy thế ?
"Mọi người ơi cho em xin review môn Tối ưu hoá của thầy Nghiêm Nguyễn Việt Dũng và môn Phương pháp tính của thầy Lê Phê Đô với ạ 
Trong 2 môn trên em nên học môn nào hơn và môn đó sẽ về nội dung gì ạ? 
Em cảm ơn!","đổi lớp CTDLGT cho mình dc ko bạn, mình tặng cầu lông T7-8",lớp INT2203 1 thứ 6 tiết 7-8 BT thầy Kiều Thanh Bình dạy và thứ 3 tiết 5-6 LT thầy Phạm Bảo Sơn dạy
"Mọi người ơi cho em xin review môn Tối ưu hoá của thầy Nghiêm Nguyễn Việt Dũng và môn Phương pháp tính của thầy Lê Phê Đô với ạ 
Trong 2 môn trên em nên học môn nào hơn và môn đó sẽ về nội dung gì ạ? 
Em cảm ơn!","đổi lớp CTDLGT cho mình dc ko bạn, mình tặng cầu lông T7-8",thứ 6 tiết 7-8 mình LTHĐT rồi
"Mọi người ơi cho em xin review môn Tối ưu hoá của thầy Nghiêm Nguyễn Việt Dũng và môn Phương pháp tính của thầy Lê Phê Đô với ạ 
Trong 2 môn trên em nên học môn nào hơn và môn đó sẽ về nội dung gì ạ? 
Em cảm ơn!","đổi lớp CTDLGT cho mình dc ko bạn, mình tặng cầu lông T7-8","bạn đổi qua lớp này xem, vẫn là lớp lý thuyết đấy chỉ đổi tiết TH thôi"
"Mọi người ơi cho em xin review môn Tối ưu hoá của thầy Nghiêm Nguyễn Việt Dũng và môn Phương pháp tính của thầy Lê Phê Đô với ạ 
Trong 2 môn trên em nên học môn nào hơn và môn đó sẽ về nội dung gì ạ? 
Em cảm ơn!",lthdt học cô Châu ấy,giờ chả còn lớp Cô Châu đâu ạ :))
"Mọi người ơi cho em xin review môn Tối ưu hoá của thầy Nghiêm Nguyễn Việt Dũng và môn Phương pháp tính của thầy Lê Phê Đô với ạ 
Trong 2 môn trên em nên học môn nào hơn và môn đó sẽ về nội dung gì ạ? 
Em cảm ơn!",lthdt học cô Châu ấy,sao thế ?
"Mọi người ơi cho em xin review môn Tối ưu hoá của thầy Nghiêm Nguyễn Việt Dũng và môn Phương pháp tính của thầy Lê Phê Đô với ạ 
Trong 2 môn trên em nên học môn nào hơn và môn đó sẽ về nội dung gì ạ? 
Em cảm ơn!",lthdt học cô Châu ấy,có lớp nào cô Châu đâu ??
"Mọi người ơi cho em xin review môn Tối ưu hoá của thầy Nghiêm Nguyễn Việt Dũng và môn Phương pháp tính của thầy Lê Phê Đô với ạ 
Trong 2 môn trên em nên học môn nào hơn và môn đó sẽ về nội dung gì ạ? 
Em cảm ơn!",lthdt học cô Châu ấy,"oh thế à, năm nay chắc cô bạn gì đấy"
"Mọi người ơi cho em xin review môn Tối ưu hoá của thầy Nghiêm Nguyễn Việt Dũng và môn Phương pháp tính của thầy Lê Phê Đô với ạ 
Trong 2 môn trên em nên học môn nào hơn và môn đó sẽ về nội dung gì ạ? 
Em cảm ơn!","học đi, kén với chả chọn. Như điện quang ấy ~..~",xong điện quang vẫn A+ :)))
"Mọi người ơi cho em xin review môn Tối ưu hoá của thầy Nghiêm Nguyễn Việt Dũng và môn Phương pháp tính của thầy Lê Phê Đô với ạ 
Trong 2 môn trên em nên học môn nào hơn và môn đó sẽ về nội dung gì ạ? 
Em cảm ơn!","học đi, kén với chả chọn. Như điện quang ấy ~..~",ngon vãi cứt ~..~
"Mọi người ơi cho em xin review môn Tối ưu hoá của thầy Nghiêm Nguyễn Việt Dũng và môn Phương pháp tính của thầy Lê Phê Đô với ạ 
Trong 2 môn trên em nên học môn nào hơn và môn đó sẽ về nội dung gì ạ? 
Em cảm ơn!","học đi, kén với chả chọn. Như điện quang ấy ~..~",mn bảo t hủy sxtk đi mà :))T hủy rồi đấy :))
"Mọi người ơi cho em xin review môn Tối ưu hoá của thầy Nghiêm Nguyễn Việt Dũng và môn Phương pháp tính của thầy Lê Phê Đô với ạ 
Trong 2 môn trên em nên học môn nào hơn và môn đó sẽ về nội dung gì ạ? 
Em cảm ơn!","học đi, kén với chả chọn. Như điện quang ấy ~..~",Lê Hà My bảo bao h nhỉ
"Mọi người ơi cho em xin review môn Tối ưu hoá của thầy Nghiêm Nguyễn Việt Dũng và môn Phương pháp tính của thầy Lê Phê Đô với ạ 
Trong 2 môn trên em nên học môn nào hơn và môn đó sẽ về nội dung gì ạ? 
Em cảm ơn!","học đi, kén với chả chọn. Như điện quang ấy ~..~",mọi người bảo t hủy xác xuất thống kê ấy
"Mọi người ơi cho em xin review môn Tối ưu hoá của thầy Nghiêm Nguyễn Việt Dũng và môn Phương pháp tính của thầy Lê Phê Đô với ạ 
Trong 2 môn trên em nên học môn nào hơn và môn đó sẽ về nội dung gì ạ? 
Em cảm ơn!","học đi, kén với chả chọn. Như điện quang ấy ~..~",t hủy rồi
"Mọi người ơi cho em xin review môn Tối ưu hoá của thầy Nghiêm Nguyễn Việt Dũng và môn Phương pháp tính của thầy Lê Phê Đô với ạ 
Trong 2 môn trên em nên học môn nào hơn và môn đó sẽ về nội dung gì ạ? 
Em cảm ơn!","học đi, kén với chả chọn. Như điện quang ấy ~..~",Lê Hà My sao huỷ? tau có bảo mầy huỷ đâu
"Mọi người ơi cho em xin review môn Tối ưu hoá của thầy Nghiêm Nguyễn Việt Dũng và môn Phương pháp tính của thầy Lê Phê Đô với ạ 
Trong 2 môn trên em nên học môn nào hơn và môn đó sẽ về nội dung gì ạ? 
Em cảm ơn!","học đi, kén với chả chọn. Như điện quang ấy ~..~",t có bảo mày đâu
"Mọi người ơi cho em xin review môn Tối ưu hoá của thầy Nghiêm Nguyễn Việt Dũng và môn Phương pháp tính của thầy Lê Phê Đô với ạ 
Trong 2 môn trên em nên học môn nào hơn và môn đó sẽ về nội dung gì ạ? 
Em cảm ơn!","học đi, kén với chả chọn. Như điện quang ấy ~..~",Lê Hà My à mắt kém đọc ko kĩ ~..~
"Mọi người ơi cho em xin review môn Tối ưu hoá của thầy Nghiêm Nguyễn Việt Dũng và môn Phương pháp tính của thầy Lê Phê Đô với ạ 
Trong 2 môn trên em nên học môn nào hơn và môn đó sẽ về nội dung gì ạ? 
Em cảm ơn!",Tối ưu hoá thầy Đông thui :)),Tăng Hà thầy Hoàng nữa thầy dạy siu có tâm luôn
"Mọi người ơi cho em xin review môn Tối ưu hoá của thầy Nghiêm Nguyễn Việt Dũng và môn Phương pháp tính của thầy Lê Phê Đô với ạ 
Trong 2 môn trên em nên học môn nào hơn và môn đó sẽ về nội dung gì ạ? 
Em cảm ơn!","Tối ưu hóa mình ko rõ thầy Việt Dũng dạy ntn, nhma mình khuyên là nên học thầy Đỗ Đức Đông hoặc thầy Hà Minh Hoàng nhé bạn Phương pháp tính thầy Đô cũng là môn nên học, thầy dạy cực dễ hiểu luôn",Lê Dương anh ơi cho em xin rv phương pháp tính chi tiết hơn được không ạ
"Mọi người ơi cho em xin review môn Tối ưu hoá của thầy Nghiêm Nguyễn Việt Dũng và môn Phương pháp tính của thầy Lê Phê Đô với ạ 
Trong 2 môn trên em nên học môn nào hơn và môn đó sẽ về nội dung gì ạ? 
Em cảm ơn!","Tối ưu hoá thầy Dũng học full lý thuyết về 1 số thuật toán bạn nhé, gần như là môn học thuộc",
"Mọi người ơi cho em xin review môn Tối ưu hoá của thầy Nghiêm Nguyễn Việt Dũng và môn Phương pháp tính của thầy Lê Phê Đô với ạ 
Trong 2 môn trên em nên học môn nào hơn và môn đó sẽ về nội dung gì ạ? 
Em cảm ơn!",Nguyễn Minh Quân Chi Hoàng review tối ưu hoá thầy Dũng đi,Trần Thanh Thảo 10đ
"Mọi người ơi cho em xin review môn Tối ưu hoá của thầy Nghiêm Nguyễn Việt Dũng và môn Phương pháp tính của thầy Lê Phê Đô với ạ 
Trong 2 môn trên em nên học môn nào hơn và môn đó sẽ về nội dung gì ạ? 
Em cảm ơn!",Nguyễn Minh Quân Chi Hoàng review tối ưu hoá thầy Dũng đi,"Trần Thanh Thảo mê quá, sắp học lại :vv"
"Mọi người ơi cho em xin review môn Tối ưu hoá của thầy Nghiêm Nguyễn Việt Dũng và môn Phương pháp tính của thầy Lê Phê Đô với ạ 
Trong 2 môn trên em nên học môn nào hơn và môn đó sẽ về nội dung gì ạ? 
Em cảm ơn!",Quang Minh kìa anh,
"Mọi người ơi cho em xin review môn Tối ưu hoá của thầy Nghiêm Nguyễn Việt Dũng và môn Phương pháp tính của thầy Lê Phê Đô với ạ 
Trong 2 môn trên em nên học môn nào hơn và môn đó sẽ về nội dung gì ạ? 
Em cảm ơn!",Tu Quynh Vu kìa review ppt thầy Đô đi,Trần Thúy không trêu b
"Mọi người ơi cho em xin review môn Tối ưu hoá của thầy Nghiêm Nguyễn Việt Dũng và môn Phương pháp tính của thầy Lê Phê Đô với ạ 
Trong 2 môn trên em nên học môn nào hơn và môn đó sẽ về nội dung gì ạ? 
Em cảm ơn!",Hoàng Anh Minh phương pháp tính lê phê đô kìa review đi,
"Mọi người ơi cho em xin review môn Tối ưu hoá của thầy Nghiêm Nguyễn Việt Dũng và môn Phương pháp tính của thầy Lê Phê Đô với ạ 
Trong 2 môn trên em nên học môn nào hơn và môn đó sẽ về nội dung gì ạ? 
Em cảm ơn!",Nguyễn Thủy bạn review thầy Dũng đi,Lê Công Hoàng lẽ ra thầy 10đ nhưng vì toi thiếu 0.1 nên thầy cũng chỉ 9.9đ thoi
"Mọi người ơi cho em xin review môn Tối ưu hoá của thầy Nghiêm Nguyễn Việt Dũng và môn Phương pháp tính của thầy Lê Phê Đô với ạ 
Trong 2 môn trên em nên học môn nào hơn và môn đó sẽ về nội dung gì ạ? 
Em cảm ơn!",Tối ưu hoá thầy Dũng đỉnh lắm nhaa,
"Mọi người ơi cho em xin review môn Tối ưu hoá của thầy Nghiêm Nguyễn Việt Dũng và môn Phương pháp tính của thầy Lê Phê Đô với ạ 
Trong 2 môn trên em nên học môn nào hơn và môn đó sẽ về nội dung gì ạ? 
Em cảm ơn!","Tối ưu hoá là thầy Đông dạy, thầy Dũng là trợ giảngThầy nhiệt tình, học rất vuiGiữa kì làm báo cáo về 1 thuật toán, nếu lên thuyết trình thì đc cộng điểmCuối kì đề như mọi năm nhé",
"Anh chị ơi , cho e xin Review thầy cô về mấy môn này được ko ak!!Cấu trúc dữ liệu và giải thuật 
- CN. Nguyễn Đình Tuân 
Linh kiện điện tử 
- TS. Bùi Thanh Tùng 
Kỹ thuật điện 
-  PGS.TS. Chử Đức Trình",m học cấu trúc ai đó bảo a để a đk học chung vs,"e đang xin review đây a , còn danh sách trên là nhà trường đki cho >> nghe nói cô Thanh gì đó ok"
"Anh chị ơi , cho e xin Review thầy cô về mấy môn này được ko ak!!Cấu trúc dữ liệu và giải thuật 
- CN. Nguyễn Đình Tuân 
Linh kiện điện tử 
- TS. Bùi Thanh Tùng 
Kỹ thuật điện 
-  PGS.TS. Chử Đức Trình",m học cấu trúc ai đó bảo a để a đk học chung vs,"Nguyễn Trọng Dũng ờ, cô Thanh học thật thi thật.. học lấy kiến thức thì ok"
"Anh chị ơi , cho e xin Review thầy cô về mấy môn này được ko ak!!Cấu trúc dữ liệu và giải thuật 
- CN. Nguyễn Đình Tuân 
Linh kiện điện tử 
- TS. Bùi Thanh Tùng 
Kỹ thuật điện 
-  PGS.TS. Chử Đức Trình",m học cấu trúc ai đó bảo a để a đk học chung vs,"Hoàng Tâm  là răng mà anh đã học chưa, răng e tìm trên thời khóa biểu ko thấy cô thanh"
"Anh chị ơi , cho e xin Review thầy cô về mấy môn này được ko ak!!Cấu trúc dữ liệu và giải thuật 
- CN. Nguyễn Đình Tuân 
Linh kiện điện tử 
- TS. Bùi Thanh Tùng 
Kỹ thuật điện 
-  PGS.TS. Chử Đức Trình",m học cấu trúc ai đó bảo a để a đk học chung vs,Nguyễn Trọng Dũng a tạch đnag học lại đấy...còn ccô Thanh thì a biết
"Anh chị ơi , cho e xin Review thầy cô về mấy môn này được ko ak!!Cấu trúc dữ liệu và giải thuật 
- CN. Nguyễn Đình Tuân 
Linh kiện điện tử 
- TS. Bùi Thanh Tùng 
Kỹ thuật điện 
-  PGS.TS. Chử Đức Trình",m học cấu trúc ai đó bảo a để a đk học chung vs,"Hoàng Tâm  ừ ok , mai hẹn 9h hoàng đạo"
"Anh chị ơi , cho e xin Review thầy cô về mấy môn này được ko ak!!Cấu trúc dữ liệu và giải thuật 
- CN. Nguyễn Đình Tuân 
Linh kiện điện tử 
- TS. Bùi Thanh Tùng 
Kỹ thuật điện 
-  PGS.TS. Chử Đức Trình",m học cấu trúc ai đó bảo a để a đk học chung vs,Nguyễn Trọng Dũng vậy dk ai cho a theo vs
"Anh chị ơi , cho e xin Review thầy cô về mấy môn này được ko ak!!Cấu trúc dữ liệu và giải thuật 
- CN. Nguyễn Đình Tuân 
Linh kiện điện tử 
- TS. Bùi Thanh Tùng 
Kỹ thuật điện 
-  PGS.TS. Chử Đức Trình",m học cấu trúc ai đó bảo a để a đk học chung vs,Nguyễn Trọng Dũng cô thanh á  đừng mơ 1 giấc mơ đẹp
"Anh chị ơi , cho e xin Review thầy cô về mấy môn này được ko ak!!Cấu trúc dữ liệu và giải thuật 
- CN. Nguyễn Đình Tuân 
Linh kiện điện tử 
- TS. Bùi Thanh Tùng 
Kỹ thuật điện 
-  PGS.TS. Chử Đức Trình",m học cấu trúc ai đó bảo a để a đk học chung vs,Bành Đức Minh  đù -.- răng đâyyyy
"Anh chị ơi , cho e xin Review thầy cô về mấy môn này được ko ak!!Cấu trúc dữ liệu và giải thuật 
- CN. Nguyễn Đình Tuân 
Linh kiện điện tử 
- TS. Bùi Thanh Tùng 
Kỹ thuật điện 
-  PGS.TS. Chử Đức Trình",m học cấu trúc ai đó bảo a để a đk học chung vs,"Nguyễn Trọng Dũng chừa cô thanh ra, còn ai cũng đc"
"Anh chị ơi , cho e xin Review thầy cô về mấy môn này được ko ak!!Cấu trúc dữ liệu và giải thuật 
- CN. Nguyễn Đình Tuân 
Linh kiện điện tử 
- TS. Bùi Thanh Tùng 
Kỹ thuật điện 
-  PGS.TS. Chử Đức Trình",m học cấu trúc ai đó bảo a để a đk học chung vs,mà học ngành chi mà có cả kĩ thuật điện với linh kiện rứa
"Anh chị ơi , cho e xin Review thầy cô về mấy môn này được ko ak!!Cấu trúc dữ liệu và giải thuật 
- CN. Nguyễn Đình Tuân 
Linh kiện điện tử 
- TS. Bùi Thanh Tùng 
Kỹ thuật điện 
-  PGS.TS. Chử Đức Trình",Nghỉ học đi em,duma ôn tín hiệu đi a
"Anh chị ơi , cho e xin Review thầy cô về mấy môn này được ko ak!!Cấu trúc dữ liệu và giải thuật 
- CN. Nguyễn Đình Tuân 
Linh kiện điện tử 
- TS. Bùi Thanh Tùng 
Kỹ thuật điện 
-  PGS.TS. Chử Đức Trình",Kỹ thuật điện chắc vẫn thầy Chí dạy thay thầy Trình thôi,"A học qua chưa a , thầy Trình ok k ak ^^"
"Anh chị ơi , cho e xin Review thầy cô về mấy môn này được ko ak!!Cấu trúc dữ liệu và giải thuật 
- CN. Nguyễn Đình Tuân 
Linh kiện điện tử 
- TS. Bùi Thanh Tùng 
Kỹ thuật điện 
-  PGS.TS. Chử Đức Trình",Kỹ thuật điện chắc vẫn thầy Chí dạy thay thầy Trình thôi,"kỹ thuật điện khoa cơ, điện tử vs hàng k đều học nhưung mỗi bên co 1 giảng viên mà"
"Anh chị ơi , cho e xin Review thầy cô về mấy môn này được ko ak!!Cấu trúc dữ liệu và giải thuật 
- CN. Nguyễn Đình Tuân 
Linh kiện điện tử 
- TS. Bùi Thanh Tùng 
Kỹ thuật điện 
-  PGS.TS. Chử Đức Trình",Kỹ thuật điện chắc vẫn thầy Chí dạy thay thầy Trình thôi,T thầy năm ngoái bn điện tử viễn thông toàn thầy Chí dạy
"Anh chị ơi , cho e xin Review thầy cô về mấy môn này được ko ak!!Cấu trúc dữ liệu và giải thuật 
- CN. Nguyễn Đình Tuân 
Linh kiện điện tử 
- TS. Bùi Thanh Tùng 
Kỹ thuật điện 
-  PGS.TS. Chử Đức Trình",Nguyễn Trọng Linh đm người ae thấy gì chưa =)) tự hào vc,đăng ký học thầy Tuân thôi
"Anh chị ơi , cho e xin Review thầy cô về mấy môn này được ko ak!!Cấu trúc dữ liệu và giải thuật 
- CN. Nguyễn Đình Tuân 
Linh kiện điện tử 
- TS. Bùi Thanh Tùng 
Kỹ thuật điện 
-  PGS.TS. Chử Đức Trình",Nguyễn Trọng Linh đm người ae thấy gì chưa =)) tự hào vc,Hic thầy Tuân ơi cho em học cải thiện với. Ctdl em được có D thôi
"Anh chị ơi , cho e xin Review thầy cô về mấy môn này được ko ak!!Cấu trúc dữ liệu và giải thuật 
- CN. Nguyễn Đình Tuân 
Linh kiện điện tử 
- TS. Bùi Thanh Tùng 
Kỹ thuật điện 
-  PGS.TS. Chử Đức Trình",Nguyễn Trọng Linh đm người ae thấy gì chưa =)) tự hào vc,Hoàng Linh đăng kí học thầy Tuân chưa bạn?
"Anh chị ơi , cho e xin Review thầy cô về mấy môn này được ko ak!!Cấu trúc dữ liệu và giải thuật 
- CN. Nguyễn Đình Tuân 
Linh kiện điện tử 
- TS. Bùi Thanh Tùng 
Kỹ thuật điện 
-  PGS.TS. Chử Đức Trình",Hóng ké ;)),.
"Anh chị ơi , cho e xin Review thầy cô về mấy môn này được ko ak!!Cấu trúc dữ liệu và giải thuật 
- CN. Nguyễn Đình Tuân 
Linh kiện điện tử 
- TS. Bùi Thanh Tùng 
Kỹ thuật điện 
-  PGS.TS. Chử Đức Trình",......,.
"Anh chị ơi , cho e xin Review thầy cô về mấy môn này được ko ak!!Cấu trúc dữ liệu và giải thuật 
- CN. Nguyễn Đình Tuân 
Linh kiện điện tử 
- TS. Bùi Thanh Tùng 
Kỹ thuật điện 
-  PGS.TS. Chử Đức Trình",m học linh kiện điện tử ???,Thịnh Nguyễn  ừ ?? Nhà trường sắp đấy
"Anh chị ơi , cho e xin Review thầy cô về mấy môn này được ko ak!!Cấu trúc dữ liệu và giải thuật 
- CN. Nguyễn Đình Tuân 
Linh kiện điện tử 
- TS. Bùi Thanh Tùng 
Kỹ thuật điện 
-  PGS.TS. Chử Đức Trình",m học linh kiện điện tử ???,Nguyễn Trọng Dũng  môn này nghe tên lạ thật .khoa điện tử viễn thông à
"Anh chị ơi , cho e xin Review thầy cô về mấy môn này được ko ak!!Cấu trúc dữ liệu và giải thuật 
- CN. Nguyễn Đình Tuân 
Linh kiện điện tử 
- TS. Bùi Thanh Tùng 
Kỹ thuật điện 
-  PGS.TS. Chử Đức Trình",m học linh kiện điện tử ???,Thịnh Nguyễn  đúng r a
"mọi người cho em xin ít review về môn kỹ thuật điều khiển của cô Vân và thầy Triển với ạ ,:(",Học cô Vân em ơi,
"Em chào anh/chị ! 
Anh/ chị nào có slide bài giảng Vật Lý Đại Cương 2 của các thầy/ cô thì có thể cho em xin được không ạ? 
Em lên tài liệu VNU nhưng trên đấy gần như không có slide bài giảng môn này, vậy nên mong anh/ chị giúp em ạ. 
",Vlđc 2 cần gì học mấy đâu đề ck trường cho như giveaway A+ à,"Viet Anh Đâu, do lớp mình toàn các bạn học chăm chỉ nghiêm túc với thầy cô dạy hay nên đề nào cũng dễ chứ"
"Em chào anh/chị ! 
Anh/ chị nào có slide bài giảng Vật Lý Đại Cương 2 của các thầy/ cô thì có thể cho em xin được không ạ? 
Em lên tài liệu VNU nhưng trên đấy gần như không có slide bài giảng môn này, vậy nên mong anh/ chị giúp em ạ. 
",Vlđc 2 cần gì học mấy đâu đề ck trường cho như giveaway A+ à,Viet Anh Vì đề cuối kì vật lý 1 vừa rồi khó nên em nghĩ kì 2 cũng sẽ khó anh ạ.
"Em chào anh/chị ! 
Anh/ chị nào có slide bài giảng Vật Lý Đại Cương 2 của các thầy/ cô thì có thể cho em xin được không ạ? 
Em lên tài liệu VNU nhưng trên đấy gần như không có slide bài giảng môn này, vậy nên mong anh/ chị giúp em ạ. 
",Vlđc 2 cần gì học mấy đâu đề ck trường cho như giveaway A+ à,Thành viên ẩn danh kì 2 bọn a như giveaway A+
"Em chào anh/chị ! 
Anh/ chị nào có slide bài giảng Vật Lý Đại Cương 2 của các thầy/ cô thì có thể cho em xin được không ạ? 
Em lên tài liệu VNU nhưng trên đấy gần như không có slide bài giảng môn này, vậy nên mong anh/ chị giúp em ạ. 
",Bạn muốn xin slide của Thầy/Cô nào,Đặng Dũng Thầy/ cô nào cũng được anh ạ.
"Em chào anh/chị ! 
Anh/ chị nào có slide bài giảng Vật Lý Đại Cương 2 của các thầy/ cô thì có thể cho em xin được không ạ? 
Em lên tài liệu VNU nhưng trên đấy gần như không có slide bài giảng môn này, vậy nên mong anh/ chị giúp em ạ. 
",Bạn muốn xin slide của Thầy/Cô nào,Anonymous member https://www.facebook.com/share/cn6XDZfBtjgrTR7r/?mibextid=WC7FNe
"Em chào anh/chị ! 
Anh/ chị nào có slide bài giảng Vật Lý Đại Cương 2 của các thầy/ cô thì có thể cho em xin được không ạ? 
Em lên tài liệu VNU nhưng trên đấy gần như không có slide bài giảng môn này, vậy nên mong anh/ chị giúp em ạ. 
",https://drive.google.com/.../1NJXVbIZCGQt8hkHfobFOAgSamnP... tặng em,Cong Minh Pham em cảm ơn anh nhiều ạ
Mọi người cho em xin review môn Tin Sinh Học của thầy Cao Cường được không ạ,cả lớp trên 8.,bạn cho mình hỏi về hình thức học và thi được không
Mọi người cho em xin review môn Tin Sinh Học của thầy Cao Cường được không ạ,cả lớp trên 8.,"chả học gì đâu, mấy buổi đầu thầy giảng mấy cái kiến thức sinh học ltinh, r chia thành các nhóm chuẩn bị tìm hiểu 1 bài báo về tin sinh học -> lên thuyết trình xoay vòng tầm 2 3 buổi mỗi nhóm -> lấy điểm giữa kỳ và cuối kỳ"
Mọi người cho em xin review môn Tin Sinh Học của thầy Cao Cường được không ạ,cả lớp trên 8.,Phạm Tuấn Hiệp đằng cấp
Mọi người cho em xin review môn Tin Sinh Học của thầy Cao Cường được không ạ,cả lớp trên 8.,"Phạm Tuấn Hiệp đúng là pro, phán câu nào câu đấy căng đét"
Mọi người cho em xin review môn Tin Sinh Học của thầy Cao Cường được không ạ,cả lớp trên 8.,ông hoàng review
Mọi người cho em xin review môn Tin Sinh Học của thầy Cao Cường được không ạ,cả lớp trên 8.,chúa tể póc phốt
Mọi người cho em xin review môn Tin Sinh Học của thầy Cao Cường được không ạ,Nguyễn Hoàng chỉ giáo môn này auto A+ 10 tròn,"Vinh Quang Tran Auto A+, muốn được A mà không được cứ phải A+ thôi"
Mọi người cho em xin review môn Tin Sinh Học của thầy Cao Cường được không ạ,Nguyễn Hoàng chỉ giáo môn này auto A+ 10 tròn,Vinh Quang Tran chán lắm cơ. Muốn điểm A thầy cứ bắt nhận A+
"Mọi người cho tớ xin review Môn Nguyên Lý Hệ Điều Hành học thế nào với( thầy Hiếu, thầy Thành, thầy Châu,cô Hậu, thầy Chiến  ..) môn này là môn tự chọn vs t",thấy Hiếu,"thầy full nhanh quá, môn này thế nào bạn?"
"Mọi người cho tớ xin review Môn Nguyên Lý Hệ Điều Hành học thế nào với( thầy Hiếu, thầy Thành, thầy Châu,cô Hậu, thầy Chiến  ..) môn này là môn tự chọn vs t",thấy Hiếu,trừu tượng hóa
"Mọi người cho tớ xin review Môn Nguyên Lý Hệ Điều Hành học thế nào với( thầy Hiếu, thầy Thành, thầy Châu,cô Hậu, thầy Chiến  ..) môn này là môn tự chọn vs t",thấy Hiếu,khó lắm hả ?
"Mọi người cho tớ xin review Môn Nguyên Lý Hệ Điều Hành học thế nào với( thầy Hiếu, thầy Thành, thầy Châu,cô Hậu, thầy Chiến  ..) môn này là môn tự chọn vs t",thấy Hiếu,Khá khó
"Mọi người cho tớ xin review Môn Nguyên Lý Hệ Điều Hành học thế nào với( thầy Hiếu, thầy Thành, thầy Châu,cô Hậu, thầy Chiến  ..) môn này là môn tự chọn vs t",thấy Hiếu,Nhưng lấy 7-8 điểm thì chăm là được
"Mọi người cho tớ xin review Môn Nguyên Lý Hệ Điều Hành học thế nào với( thầy Hiếu, thầy Thành, thầy Châu,cô Hậu, thầy Chiến  ..) môn này là môn tự chọn vs t",thấy Hiếu,con lấy 10 thì cần siêu nhân
"Mọi người cho tớ xin review Môn Nguyên Lý Hệ Điều Hành học thế nào với( thầy Hiếu, thầy Thành, thầy Châu,cô Hậu, thầy Chiến  ..) môn này là môn tự chọn vs t",thầy đương nhé bạn,thầy đấy chỉ học môn thông thôi
"Mọi người cho tớ xin review Môn Nguyên Lý Hệ Điều Hành học thế nào với( thầy Hiếu, thầy Thành, thầy Châu,cô Hậu, thầy Chiến  ..) môn này là môn tự chọn vs t",Môn đấy khó vcc nhé bạn.,"học rồi à, A thôi đúng k? :))"
"Mọi người cho tớ xin review Môn Nguyên Lý Hệ Điều Hành học thế nào với( thầy Hiếu, thầy Thành, thầy Châu,cô Hậu, thầy Chiến  ..) môn này là môn tự chọn vs t",thầy sơn nhé bạn  vô hoxx,cút
"Mọi người cho tớ xin review Môn Nguyên Lý Hệ Điều Hành học thế nào với( thầy Hiếu, thầy Thành, thầy Châu,cô Hậu, thầy Chiến  ..) môn này là môn tự chọn vs t","thầy hiếu, học nguyên slide + ghi chép mấy bt, ví dụ thầy đưa ra trên lớp là ok (có thể trúng vào cuối kì)giữa kì, cuối kì xem tài liệu thoải mái",
"Các bạn cho mình xin review môn bóng chuyền da được khum ạ, có thầy cô nào gắt gắt mà dạy môn này k  Mình cảm ơn nhée",Có thầy huychungtom gắt nhất :)),Nguyễn Đăng Quang thầy quát gắt lắm hả bạn:))
"Các bạn cho mình xin review môn bóng chuyền da được khum ạ, có thầy cô nào gắt gắt mà dạy môn này k  Mình cảm ơn nhée",Có thầy huychungtom gắt nhất :)),Nguyễn Đăng Quang à bạn ơi thầy huychungtom là 1 thầy hay 3 thầy thế bạn:))
"Các bạn cho mình xin review môn bóng chuyền da được khum ạ, có thầy cô nào gắt gắt mà dạy môn này k  Mình cảm ơn nhée",Có thầy huychungtom gắt nhất :)),"Nguyễn Đăng Quang Bạn đùa à, thấy thầy dễ tính với học chill chill mà"
"Các bạn cho mình xin review môn bóng chuyền da được khum ạ, có thầy cô nào gắt gắt mà dạy môn này k  Mình cảm ơn nhée",môn gdtc cơ bản là điền kinh phải ko mọi người?,Đông Trùng mình thấy mã môn giống hệt điền kinh nên chắc cũng k khác nhau về nội dung học bạn ạ
M.n cho e xin review về các thầy cô dạy môn mạng máy tính và công nghệ phần mềm vs ạ,Chấm,
M.n cho e xin review về các thầy cô dạy môn mạng máy tính và công nghệ phần mềm vs ạ,Mạng máy tính học Hồ Đắc Phương nhé ;)),Bọn e hok tin 4 thầy phương năm nhất r mà thầy dạy hơi chán :))) nên ko biết mạng máy tính có ổn ko
M.n cho e xin review về các thầy cô dạy môn mạng máy tính và công nghệ phần mềm vs ạ,Mạng máy tính học Hồ Đắc Phương nhé ;)),"Đỗ Hương Mình thấy thầy giảng khá hay, nếu chú ý nghe thì ok đấy.Còn nếu muốn dễ pass thì học thầy Nam."
M.n cho e xin review về các thầy cô dạy môn mạng máy tính và công nghệ phần mềm vs ạ,Mạng máy tính học Hồ Đắc Phương nhé ;)),chia sẻ từ 1 thanh niên sắp học lại thầy lần 2 :))
M.n cho e xin review về các thầy cô dạy môn mạng máy tính và công nghệ phần mềm vs ạ,Mạng máy tính học Hồ Đắc Phương nhé ;)),"Thầy phương dạy hay mà mỗi tội nếu học thầy mấy tiết đầu h thì k nên,đặc biệt những thanh niên hay ngủ nước thích đi học muộn thì nên tránh"
M.n cho e xin review về các thầy cô dạy môn mạng máy tính và công nghệ phần mềm vs ạ,Mạng máy tính học Hồ Đắc Phương nhé ;)),Vâng e cảm ơn ạ
M.n cho e xin review về các thầy cô dạy môn mạng máy tính và công nghệ phần mềm vs ạ,Mạng máy tính học Hồ Đắc Phương nhé ;)),Chả biết cc thế nào chứ t thấy mất gốc từ bài hello world
M.n cho e xin review về các thầy cô dạy môn mạng máy tính và công nghệ phần mềm vs ạ,Mạng máy tính học Hồ Đắc Phương nhé ;)),Dạy dc mà học thày còn có tư duy nghìn đô nữa
M.n cho e xin review về các thầy cô dạy môn mạng máy tính và công nghệ phần mềm vs ạ,Mạng máy tính học Hồ Đắc Phương nhé ;)),Các thánh thì ko ns
M.n cho e xin review về các thầy cô dạy môn mạng máy tính và công nghệ phần mềm vs ạ,Mạng máy tính học Hồ Đắc Phương nhé ;)),học thầy hồ đắc phương auto giữa kỳ đc sử dụng tài liệu nhưng cứ ngó ngoáy sang bên cạnh auto đánh dấu bài.thầy sẽ dọa thi giữa kỳ nhưng đến buổi cuối thầy mời cho thi
M.n cho e xin review về các thầy cô dạy môn mạng máy tính và công nghệ phần mềm vs ạ,Mạng máy tính học Hồ Đắc Phương nhé ;)),cần thêm gì e ib a nhé
M.n cho e xin review về các thầy cô dạy môn mạng máy tính và công nghệ phần mềm vs ạ,thầy bá duy e nhé,bá duy thì các bé xác định đi
M.n cho e xin review về các thầy cô dạy môn mạng máy tính và công nghệ phần mềm vs ạ,thầy bá duy e nhé,a đang hc DMS của thầy
M.n cho e xin review về các thầy cô dạy môn mạng máy tính và công nghệ phần mềm vs ạ,học mạng máy tính thì cứ thầy Sơn mà tiến thôi,theo mk thấy điểm dễ A+ hay ko là do từng người chứ cũng chỉ có 1 số môn thầy dễ thôi
M.n cho e xin review về các thầy cô dạy môn mạng máy tính và công nghệ phần mềm vs ạ,học mạng máy tính thì cứ thầy Sơn mà tiến thôi,ừ cũng đúng nhưng thầy Sơn dạy hay
M.n cho e xin review về các thầy cô dạy môn mạng máy tính và công nghệ phần mềm vs ạ,Mạng máy tính học thầy Hồ Đắc Phương nhá. Sách mạng máy tính trường mình là do thầy viết :)),
M.n cho e xin review về các thầy cô dạy môn mạng máy tính và công nghệ phần mềm vs ạ,Nguyễn Vũ Đông đây này c,
"Mn ơi kì này môn dsa em có những thầy cô như sau:● Thầy Nguyễn Việt Hà- cô Vương Thị Hải Yến● Thầy Lê Quang Hiếu- thầy Kiều Hải Đăng● Thầy Lê Quang Hiếu- thầy Ngô Xuân Trường● Cô Nguyễn Nhật Thanh- cô Nguyễn Thị Thu Trang A● Thầy Bùi Ngọc Thăng- cô Vương Thị Hải Yến● Thầy Nguyễn Việt Anh- cô Vương Thị Hải Yến●Cô Ngô Thị Duyên- cô Nguyễn Thị Thu Trang A●Cô Ma Thị Châu- cô Nguyễn Thị Thu Trang A 
Mn có thể cho em xin review về các thầy cô kể trên được k ạ và em nên lựa chọn học lớp của thầy cô nào ạ. Em cảm ơn.",Auto cô Ma Thị Châu nhé,Nguyễn Hoàng cô dạy hay lắm hả anh. Anh có thể nói rõ hơn chút đc k ạ
"Mn ơi kì này môn dsa em có những thầy cô như sau:● Thầy Nguyễn Việt Hà- cô Vương Thị Hải Yến● Thầy Lê Quang Hiếu- thầy Kiều Hải Đăng● Thầy Lê Quang Hiếu- thầy Ngô Xuân Trường● Cô Nguyễn Nhật Thanh- cô Nguyễn Thị Thu Trang A● Thầy Bùi Ngọc Thăng- cô Vương Thị Hải Yến● Thầy Nguyễn Việt Anh- cô Vương Thị Hải Yến●Cô Ngô Thị Duyên- cô Nguyễn Thị Thu Trang A●Cô Ma Thị Châu- cô Nguyễn Thị Thu Trang A 
Mn có thể cho em xin review về các thầy cô kể trên được k ạ và em nên lựa chọn học lớp của thầy cô nào ạ. Em cảm ơn.",Auto cô Ma Thị Châu nhé,"Thành viên ẩn danh cô chỉ dạy rất tận tình, với lại học cô thì bạn có cơ hội xin cô hướng dẫn các môn về sau như đồ án, thực tập, dự án,..... Cô lo từ A đến Z cho bạn luôn"
"Mn ơi kì này môn dsa em có những thầy cô như sau:● Thầy Nguyễn Việt Hà- cô Vương Thị Hải Yến● Thầy Lê Quang Hiếu- thầy Kiều Hải Đăng● Thầy Lê Quang Hiếu- thầy Ngô Xuân Trường● Cô Nguyễn Nhật Thanh- cô Nguyễn Thị Thu Trang A● Thầy Bùi Ngọc Thăng- cô Vương Thị Hải Yến● Thầy Nguyễn Việt Anh- cô Vương Thị Hải Yến●Cô Ngô Thị Duyên- cô Nguyễn Thị Thu Trang A●Cô Ma Thị Châu- cô Nguyễn Thị Thu Trang A 
Mn có thể cho em xin review về các thầy cô kể trên được k ạ và em nên lựa chọn học lớp của thầy cô nào ạ. Em cảm ơn.",Auto cô Ma Thị Châu nhé,Nguyễn Hoàng em cảm ơn anh ạ
"Mn ơi kì này môn dsa em có những thầy cô như sau:● Thầy Nguyễn Việt Hà- cô Vương Thị Hải Yến● Thầy Lê Quang Hiếu- thầy Kiều Hải Đăng● Thầy Lê Quang Hiếu- thầy Ngô Xuân Trường● Cô Nguyễn Nhật Thanh- cô Nguyễn Thị Thu Trang A● Thầy Bùi Ngọc Thăng- cô Vương Thị Hải Yến● Thầy Nguyễn Việt Anh- cô Vương Thị Hải Yến●Cô Ngô Thị Duyên- cô Nguyễn Thị Thu Trang A●Cô Ma Thị Châu- cô Nguyễn Thị Thu Trang A 
Mn có thể cho em xin review về các thầy cô kể trên được k ạ và em nên lựa chọn học lớp của thầy cô nào ạ. Em cảm ơn.","học cô Châu 1 lần mà vẫn nice xừ, cô Châu 10đ không có nhưng nhé em.",em cảm ơn anh
"Dạ ai cho em xin rv môn Kỹ năng khởi nghiệp của cô Hoàng Thị Hải Yến với thầy Chử Đức Hoàng với ạNên học ai và hình thức thi của 2 thầy cô này như nào, em xin cảm ơn ạ","học cô Yến vui lắm bạn, có nhiều hoạt động hay, điểm cô cho cũng cao, giữa kỳ pitching với cô, cuối kỳ làm tiểu luận",Tien Dung phần làm tiểu luận có khó lắm k ạ
"Dạ ai cho em xin rv môn Kỹ năng khởi nghiệp của cô Hoàng Thị Hải Yến với thầy Chử Đức Hoàng với ạNên học ai và hình thức thi của 2 thầy cô này như nào, em xin cảm ơn ạ","học cô Yến vui lắm bạn, có nhiều hoạt động hay, điểm cô cho cũng cao, giữa kỳ pitching với cô, cuối kỳ làm tiểu luận","Hiếu Phạm dễ lắm = )), t làm đúng 1 ngày được 9đ"
"Dạ ai cho em xin rv môn Kỹ năng khởi nghiệp của cô Hoàng Thị Hải Yến với thầy Chử Đức Hoàng với ạNên học ai và hình thức thi của 2 thầy cô này như nào, em xin cảm ơn ạ","học cô Yến vui lắm bạn, có nhiều hoạt động hay, điểm cô cho cũng cao, giữa kỳ pitching với cô, cuối kỳ làm tiểu luận",Hiếu Phạm ae mk có thể collab vs nha
"Dạ ai cho em xin rv môn Kỹ năng khởi nghiệp của cô Hoàng Thị Hải Yến với thầy Chử Đức Hoàng với ạNên học ai và hình thức thi của 2 thầy cô này như nào, em xin cảm ơn ạ","học cô Yến vui lắm bạn, có nhiều hoạt động hay, điểm cô cho cũng cao, giữa kỳ pitching với cô, cuối kỳ làm tiểu luận",Trần Huy Hoàng cẹc
"Dạ ai cho em xin rv môn Kỹ năng khởi nghiệp của cô Hoàng Thị Hải Yến với thầy Chử Đức Hoàng với ạNên học ai và hình thức thi của 2 thầy cô này như nào, em xin cảm ơn ạ",Cô Yến học cực đã :)) cô cực kì tâm huyết =)) nói chung là tuyệt vời =)),
"Dạ ai cho em xin rv môn Kỹ năng khởi nghiệp của cô Hoàng Thị Hải Yến với thầy Chử Đức Hoàng với ạNên học ai và hình thức thi của 2 thầy cô này như nào, em xin cảm ơn ạ",Shubarb Trần,Nguyễn Minh Tuấn có 1 sự thật là môn này cực kỳ dễ qua với thầy (xin lỗi thầy e k nhớ tên) . Và có 1 buổi offline hội nghị bàn tròn 5 nhớ đời Trần Hoàng Sơn
"Dạ ai cho em xin rv môn Kỹ năng khởi nghiệp của cô Hoàng Thị Hải Yến với thầy Chử Đức Hoàng với ạNên học ai và hình thức thi của 2 thầy cô này như nào, em xin cảm ơn ạ",Tâm Văn Lê,
"Mọi người cho em xin riviu về các môn tự chọn với ạ. Kì sau e vẫn còn full 15 tín nhưng  chưa biết nên học môn nào và thầy cô nào cho hợp lý =(( 
Những môn đánh dấu là những môn e dự định sẽ đăng ký. Nhưng môn nào dễ mn recommend giúp e ở dưới nhé. 
Mn riviu luôn thầy cô dạy môn đó luôn nhé 
Thầy cô khó tính cũng được nhưng cho điểm hợp lý là được ạ",quản lý dự án phần mềm m học r à,chưa m. t đánh dấu những môn dự định sẽ học
"Mọi người cho em xin riviu về các môn tự chọn với ạ. Kì sau e vẫn còn full 15 tín nhưng  chưa biết nên học môn nào và thầy cô nào cho hợp lý =(( 
Những môn đánh dấu là những môn e dự định sẽ đăng ký. Nhưng môn nào dễ mn recommend giúp e ở dưới nhé. 
Mn riviu luôn thầy cô dạy môn đó luôn nhé 
Thầy cô khó tính cũng được nhưng cho điểm hợp lý là được ạ",thu thập phân tích yêu cầu,
"Mọi người cho em xin riviu về các môn tự chọn với ạ. Kì sau e vẫn còn full 15 tín nhưng  chưa biết nên học môn nào và thầy cô nào cho hợp lý =(( 
Những môn đánh dấu là những môn e dự định sẽ đăng ký. Nhưng môn nào dễ mn recommend giúp e ở dưới nhé. 
Mn riviu luôn thầy cô dạy môn đó luôn nhé 
Thầy cô khó tính cũng được nhưng cho điểm hợp lý là được ạ",quản lý dự án,môn đấy c học với thầy nào đó?
"Mọi người cho em xin riviu về các môn tự chọn với ạ. Kì sau e vẫn còn full 15 tín nhưng  chưa biết nên học môn nào và thầy cô nào cho hợp lý =(( 
Những môn đánh dấu là những môn e dự định sẽ đăng ký. Nhưng môn nào dễ mn recommend giúp e ở dưới nhé. 
Mn riviu luôn thầy cô dạy môn đó luôn nhé 
Thầy cô khó tính cũng được nhưng cho điểm hợp lý là được ạ",quản lý dự án,"chỉ có 1 thầy dạy thôi mà, đúng với yêu cầu luôn nhé"
"Mọi người cho em xin riviu về các môn tự chọn với ạ. Kì sau e vẫn còn full 15 tín nhưng  chưa biết nên học môn nào và thầy cô nào cho hợp lý =(( 
Những môn đánh dấu là những môn e dự định sẽ đăng ký. Nhưng môn nào dễ mn recommend giúp e ở dưới nhé. 
Mn riviu luôn thầy cô dạy môn đó luôn nhé 
Thầy cô khó tính cũng được nhưng cho điểm hợp lý là được ạ","Quản lý dự án ok đó, chăm làm bt các thứ là đc, cuối kì thì có dạng bài chỉ cần ôn kĩ là đc",môn đấy có bt lớn ko Giỏi ưi?
"Mọi người cho em xin riviu về các môn tự chọn với ạ. Kì sau e vẫn còn full 15 tín nhưng  chưa biết nên học môn nào và thầy cô nào cho hợp lý =(( 
Những môn đánh dấu là những môn e dự định sẽ đăng ký. Nhưng môn nào dễ mn recommend giúp e ở dưới nhé. 
Mn riviu luôn thầy cô dạy môn đó luôn nhé 
Thầy cô khó tính cũng được nhưng cho điểm hợp lý là được ạ",thiết kế giao diện khá easy,Trần Văn Phong Môn đấy có btl ko ạ? Nó có giống môn phân tích và thiết kế hdt ko a?
"Mọi người cho em xin riviu về các môn tự chọn với ạ. Kì sau e vẫn còn full 15 tín nhưng  chưa biết nên học môn nào và thầy cô nào cho hợp lý =(( 
Những môn đánh dấu là những môn e dự định sẽ đăng ký. Nhưng môn nào dễ mn recommend giúp e ở dưới nhé. 
Mn riviu luôn thầy cô dạy môn đó luôn nhé 
Thầy cô khó tính cũng được nhưng cho điểm hợp lý là được ạ",thiết kế giao diện khá easy,bác có thể xin mở lớp thêm  đợt em học cũng là xin mở thêm lớp chứ ban đầu có đâu
"Mọi người cho em xin riviu về các môn tự chọn với ạ. Kì sau e vẫn còn full 15 tín nhưng  chưa biết nên học môn nào và thầy cô nào cho hợp lý =(( 
Những môn đánh dấu là những môn e dự định sẽ đăng ký. Nhưng môn nào dễ mn recommend giúp e ở dưới nhé. 
Mn riviu luôn thầy cô dạy môn đó luôn nhé 
Thầy cô khó tính cũng được nhưng cho điểm hợp lý là được ạ",thiết kế giao diện khá easy,Môn đó là tự thiết kế chứ k phải thiết kế theo mẫu có sẵn đúng không ạ?
"Mọi người cho em xin riviu về các môn tự chọn với ạ. Kì sau e vẫn còn full 15 tín nhưng  chưa biết nên học môn nào và thầy cô nào cho hợp lý =(( 
Những môn đánh dấu là những môn e dự định sẽ đăng ký. Nhưng môn nào dễ mn recommend giúp e ở dưới nhé. 
Mn riviu luôn thầy cô dạy môn đó luôn nhé 
Thầy cô khó tính cũng được nhưng cho điểm hợp lý là được ạ",thiết kế giao diện khá easy,tới đợt đăng ký môn học xin  đủ người yêu cầu thì thường nhà trường sẽ mở thôi
"Mọi người cho em xin riviu về các môn tự chọn với ạ. Kì sau e vẫn còn full 15 tín nhưng  chưa biết nên học môn nào và thầy cô nào cho hợp lý =(( 
Những môn đánh dấu là những môn e dự định sẽ đăng ký. Nhưng môn nào dễ mn recommend giúp e ở dưới nhé. 
Mn riviu luôn thầy cô dạy môn đó luôn nhé 
Thầy cô khó tính cũng được nhưng cho điểm hợp lý là được ạ",Thương mại đt code ecom :))),học điểm cao không Hùng?
"Mọi người cho em xin riviu về các môn tự chọn với ạ. Kì sau e vẫn còn full 15 tín nhưng  chưa biết nên học môn nào và thầy cô nào cho hợp lý =(( 
Những môn đánh dấu là những môn e dự định sẽ đăng ký. Nhưng môn nào dễ mn recommend giúp e ở dưới nhé. 
Mn riviu luôn thầy cô dạy môn đó luôn nhé 
Thầy cô khó tính cũng được nhưng cho điểm hợp lý là được ạ",Thương mại đt code ecom :))),Hùng Nguyễn học r à m?
"Mọi người cho em xin riviu về các môn tự chọn với ạ. Kì sau e vẫn còn full 15 tín nhưng  chưa biết nên học môn nào và thầy cô nào cho hợp lý =(( 
Những môn đánh dấu là những môn e dự định sẽ đăng ký. Nhưng môn nào dễ mn recommend giúp e ở dưới nhé. 
Mn riviu luôn thầy cô dạy môn đó luôn nhé 
Thầy cô khó tính cũng được nhưng cho điểm hợp lý là được ạ",Thương mại đt code ecom :))),vote thầy Hưng
"Mọi người cho em xin riviu về các môn tự chọn với ạ. Kì sau e vẫn còn full 15 tín nhưng  chưa biết nên học môn nào và thầy cô nào cho hợp lý =(( 
Những môn đánh dấu là những môn e dự định sẽ đăng ký. Nhưng môn nào dễ mn recommend giúp e ở dưới nhé. 
Mn riviu luôn thầy cô dạy môn đó luôn nhé 
Thầy cô khó tính cũng được nhưng cho điểm hợp lý là được ạ",4 môn đầu nhé,?
"Mọi người cho em xin riviu về các môn tự chọn với ạ. Kì sau e vẫn còn full 15 tín nhưng  chưa biết nên học môn nào và thầy cô nào cho hợp lý =(( 
Những môn đánh dấu là những môn e dự định sẽ đăng ký. Nhưng môn nào dễ mn recommend giúp e ở dưới nhé. 
Mn riviu luôn thầy cô dạy môn đó luôn nhé 
Thầy cô khó tính cũng được nhưng cho điểm hợp lý là được ạ",4 môn đầu nhé,Thành Long là môn j
"Mọi người cho em xin riviu về các môn tự chọn với ạ. Kì sau e vẫn còn full 15 tín nhưng  chưa biết nên học môn nào và thầy cô nào cho hợp lý =(( 
Những môn đánh dấu là những môn e dự định sẽ đăng ký. Nhưng môn nào dễ mn recommend giúp e ở dưới nhé. 
Mn riviu luôn thầy cô dạy môn đó luôn nhé 
Thầy cô khó tính cũng được nhưng cho điểm hợp lý là được ạ",4 môn đầu nhé,Thành Long thu thập là học j thế
"Mọi người cho em xin riviu về các môn tự chọn với ạ. Kì sau e vẫn còn full 15 tín nhưng  chưa biết nên học môn nào và thầy cô nào cho hợp lý =(( 
Những môn đánh dấu là những môn e dự định sẽ đăng ký. Nhưng môn nào dễ mn recommend giúp e ở dưới nhé. 
Mn riviu luôn thầy cô dạy môn đó luôn nhé 
Thầy cô khó tính cũng được nhưng cho điểm hợp lý là được ạ",4 môn đầu nhé,Thành Long học thầy cô nào ok Long ưii
"Mọi người cho em xin riviu về các môn tự chọn với ạ. Kì sau e vẫn còn full 15 tín nhưng  chưa biết nên học môn nào và thầy cô nào cho hợp lý =(( 
Những môn đánh dấu là những môn e dự định sẽ đăng ký. Nhưng môn nào dễ mn recommend giúp e ở dưới nhé. 
Mn riviu luôn thầy cô dạy môn đó luôn nhé 
Thầy cô khó tính cũng được nhưng cho điểm hợp lý là được ạ",bỏ requirement engineering mà làm nguời em ơi,Phạm Tuấn Dũng thầy dạy chí phải
"Mọi người cho em xin riviu về các môn tự chọn với ạ. Kì sau e vẫn còn full 15 tín nhưng  chưa biết nên học môn nào và thầy cô nào cho hợp lý =(( 
Những môn đánh dấu là những môn e dự định sẽ đăng ký. Nhưng môn nào dễ mn recommend giúp e ở dưới nhé. 
Mn riviu luôn thầy cô dạy môn đó luôn nhé 
Thầy cô khó tính cũng được nhưng cho điểm hợp lý là được ạ",bỏ requirement engineering mà làm nguời em ơi,Phạm Tuấn Dũng môn đấy khó ko ạ? Có bài tập lớn ko a?
"Mọi người cho em xin riviu về các môn tự chọn với ạ. Kì sau e vẫn còn full 15 tín nhưng  chưa biết nên học môn nào và thầy cô nào cho hợp lý =(( 
Những môn đánh dấu là những môn e dự định sẽ đăng ký. Nhưng môn nào dễ mn recommend giúp e ở dưới nhé. 
Mn riviu luôn thầy cô dạy môn đó luôn nhé 
Thầy cô khó tính cũng được nhưng cho điểm hợp lý là được ạ",bỏ requirement engineering mà làm nguời em ơi,Hay bạn bị lú lẫn ween rồi
"Mọi người cho em xin riviu về các môn tự chọn với ạ. Kì sau e vẫn còn full 15 tín nhưng  chưa biết nên học môn nào và thầy cô nào cho hợp lý =(( 
Những môn đánh dấu là những môn e dự định sẽ đăng ký. Nhưng môn nào dễ mn recommend giúp e ở dưới nhé. 
Mn riviu luôn thầy cô dạy môn đó luôn nhé 
Thầy cô khó tính cũng được nhưng cho điểm hợp lý là được ạ",học an toàn an ninh,"Kiều Long Học chưa m ơi? Tao nghe chữ ""mạng"" lại sợ sợ giống môn mạng máy tính thì chết dở"
"Mọi người cho em xin riviu về các môn tự chọn với ạ. Kì sau e vẫn còn full 15 tín nhưng  chưa biết nên học môn nào và thầy cô nào cho hợp lý =(( 
Những môn đánh dấu là những môn e dự định sẽ đăng ký. Nhưng môn nào dễ mn recommend giúp e ở dưới nhé. 
Mn riviu luôn thầy cô dạy môn đó luôn nhé 
Thầy cô khó tính cũng được nhưng cho điểm hợp lý là được ạ",học an toàn an ninh,A+ bạn ơi
"Mọi người cho em xin riviu về các môn tự chọn với ạ. Kì sau e vẫn còn full 15 tín nhưng  chưa biết nên học môn nào và thầy cô nào cho hợp lý =(( 
Những môn đánh dấu là những môn e dự định sẽ đăng ký. Nhưng môn nào dễ mn recommend giúp e ở dưới nhé. 
Mn riviu luôn thầy cô dạy môn đó luôn nhé 
Thầy cô khó tính cũng được nhưng cho điểm hợp lý là được ạ",học an toàn an ninh,=)))
"Mọi người cho em xin riviu về các môn tự chọn với ạ. Kì sau e vẫn còn full 15 tín nhưng  chưa biết nên học môn nào và thầy cô nào cho hợp lý =(( 
Những môn đánh dấu là những môn e dự định sẽ đăng ký. Nhưng môn nào dễ mn recommend giúp e ở dưới nhé. 
Mn riviu luôn thầy cô dạy môn đó luôn nhé 
Thầy cô khó tính cũng được nhưng cho điểm hợp lý là được ạ",học an toàn an ninh,C học thầy nào đấy
"Mọi người cho em xin riviu về các môn tự chọn với ạ. Kì sau e vẫn còn full 15 tín nhưng  chưa biết nên học môn nào và thầy cô nào cho hợp lý =(( 
Những môn đánh dấu là những môn e dự định sẽ đăng ký. Nhưng môn nào dễ mn recommend giúp e ở dưới nhé. 
Mn riviu luôn thầy cô dạy môn đó luôn nhé 
Thầy cô khó tính cũng được nhưng cho điểm hợp lý là được ạ",học an toàn an ninh,"giữa kì thì trả lời câu hỏi đủ 8 câu đúng thì 10 hoặc làm bài tập thầy giao, cuối kì được mang tài liệu kì trước full 10 :))"
"Mọi người cho em xin riviu về các môn tự chọn với ạ. Kì sau e vẫn còn full 15 tín nhưng  chưa biết nên học môn nào và thầy cô nào cho hợp lý =(( 
Những môn đánh dấu là những môn e dự định sẽ đăng ký. Nhưng môn nào dễ mn recommend giúp e ở dưới nhé. 
Mn riviu luôn thầy cô dạy môn đó luôn nhé 
Thầy cô khó tính cũng được nhưng cho điểm hợp lý là được ạ",học an toàn an ninh,Với cả bth hàng tuần có phải làm bt nộp cho thầy ko?
"Mọi người cho em xin riviu về các môn tự chọn với ạ. Kì sau e vẫn còn full 15 tín nhưng  chưa biết nên học môn nào và thầy cô nào cho hợp lý =(( 
Những môn đánh dấu là những môn e dự định sẽ đăng ký. Nhưng môn nào dễ mn recommend giúp e ở dưới nhé. 
Mn riviu luôn thầy cô dạy môn đó luôn nhé 
Thầy cô khó tính cũng được nhưng cho điểm hợp lý là được ạ",học an toàn an ninh,"t học full mạng, còn 2 môn nữa kì này đăng kí nốt là truyền thông với lập trình mạng thôi với cả hệ thống thương mại điện tử của thầy Trần Trọng Hiếu nữa"
"Mọi người cho em xin riviu về các môn tự chọn với ạ. Kì sau e vẫn còn full 15 tín nhưng  chưa biết nên học môn nào và thầy cô nào cho hợp lý =(( 
Những môn đánh dấu là những môn e dự định sẽ đăng ký. Nhưng môn nào dễ mn recommend giúp e ở dưới nhé. 
Mn riviu luôn thầy cô dạy môn đó luôn nhé 
Thầy cô khó tính cũng được nhưng cho điểm hợp lý là được ạ","Thương mại điện tử thầy Hưng cả lớp A vs A+ nhé  quản lý dự án pm chăm làm bt, cuối kì ôn dc là ok. Điểm danh gắt thôi.","an toàn an ninh mạng ôn thi theo đề, thầy k điểm danh. Ôn dc thì điểm ok  có bài tập lấy điểm giữa kì nhưng ez thôi. Khai phá dữ liệu thầy Thụy điểm cũng ổn =)) nhưng ngày nào cũng điểm danh đầu giờ :)) đi muộn là toang"
"Mọi người cho em xin riviu về các môn tự chọn với ạ. Kì sau e vẫn còn full 15 tín nhưng  chưa biết nên học môn nào và thầy cô nào cho hợp lý =(( 
Những môn đánh dấu là những môn e dự định sẽ đăng ký. Nhưng môn nào dễ mn recommend giúp e ở dưới nhé. 
Mn riviu luôn thầy cô dạy môn đó luôn nhé 
Thầy cô khó tính cũng được nhưng cho điểm hợp lý là được ạ","Thương mại điện tử thầy Hưng cả lớp A vs A+ nhé  quản lý dự án pm chăm làm bt, cuối kì ôn dc là ok. Điểm danh gắt thôi.",Thu thập phân tích YC vs kiểm thử cũng làm bt hàng tuần. hơi hên xui :))) chả hiểu sao mình thấy ez mà nhiều ng kêu khó :))
"Mọi người cho em xin review môn Tin sinh học thầy Cường với ạ, môn này có phải làm btl không ạ?",10 điểm k có nhưng,"Nguyễn Minh Đức học môn này có vất vả quá ko ạ, em đăng kí kì này 22 tín nên sợ vất quá không học được ạ"
"Mọi người cho em xin review môn Tin sinh học thầy Cường với ạ, môn này có phải làm btl không ạ?",Lâm Hoàng vô khóc,"Quang Nam ngon mà, mức điểm từ B+ trờ lên :>"
"Mọi người cho em xin review môn Tin sinh học thầy Cường với ạ, môn này có phải làm btl không ạ?","Thuyết trình BTL từ tuần 5 tuần 6 j đấy lấy gk, ck là trình bày toàn bộ những gì đã thuyết trình và một số cái khác liên quan đến BTL bằng văn bản, ncl nhàn lắm",Lê Dương cho em hỏi cụ thể btl là làm gì ạ
"Mọi người cho em xin review môn Tin sinh học thầy Cường với ạ, môn này có phải làm btl không ạ?","Thuyết trình BTL từ tuần 5 tuần 6 j đấy lấy gk, ck là trình bày toàn bộ những gì đã thuyết trình và một số cái khác liên quan đến BTL bằng văn bản, ncl nhàn lắm",Lê Dương cuối kì là làm ở nhà hay làm trên lớp vậy anh
"Mọi người cho em xin review môn Tin sinh học thầy Cường với ạ, môn này có phải làm btl không ạ?",Nguyễn Trần Anh Đức Phạm Anh Cường cho em nó xin review,Nguyễn Quang Huy -2 học bổng của 2 thầy chứ em có mất mát gì đâu
"Mọi người cho em xin review môn Tin sinh học thầy Cường với ạ, môn này có phải làm btl không ạ?",A+ trong lòng bàn tay :))),
"Mọi người cho em xin review môn Tin sinh học thầy Cường với ạ, môn này có phải làm btl không ạ?",free a+ Hải Sơn,Môn này dễ
"Mọi người cho em xin review môn Tin sinh học thầy Cường với ạ, môn này có phải làm btl không ạ?",ko học đc gì từ môn này đâu em,Thầy rep chán thế thầy =))
"Mọi người cho em xin review môn Tin sinh học thầy Cường với ạ, môn này có phải làm btl không ạ?",ko học đc gì từ môn này đâu em,"Nguyễn Thành Đô thầy nói đúng quá ạ, đúng nhận sai cãi luôn ạ"
"Mọi người cho em xin review môn Tin sinh học thầy Cường với ạ, môn này có phải làm btl không ạ?",ko học đc gì từ môn này đâu em,Nguyễn Thành Đô thầy nói thẳng thế
"Mọi người cho em xin review môn Tin sinh học thầy Cường với ạ, môn này có phải làm btl không ạ?",ko học đc gì từ môn này đâu em,Nguyễn Thành Đô nói nhỏ thôi thầy
"Mọi người cho em xin review môn Tin sinh học thầy Cường với ạ, môn này có phải làm btl không ạ?",ko học đc gì từ môn này đâu em,Nguyễn Thành Đô nói giảm nói tránh thôi thầy
"Mọi người cho em xin review môn Tin sinh học thầy Cường với ạ, môn này có phải làm btl không ạ?",Phạm Quang review giúp bạn với kìa,10 điểm
"Mọi người cho em xin review môn Tin sinh học thầy Cường với ạ, môn này có phải làm btl không ạ?",Ninh Thảo,Lê Thanh Huyền review có tâm cho ẻm đi kìa
"Mọi người cho em xin review môn Tin sinh học thầy Cường với ạ, môn này có phải làm btl không ạ?","Tìm hiểu về 1 vấn đề, 1 bài báo và có 3 buổi để trình bàyPros: Học cách research độc lập, trình bày, phản biện. Thử sức với tin học trong y tế (chủ yếu là học máy).Cons: Không có nhiều ứng dụng trực tiếp nếu em làm swe.Bản thân môn học không vô dụng, cách mình tiếp cận nó thế nào thôi. Học thật làm thật thì ko ứng dụng trực tiếp cũng ứng dụng gián tiếp. Học cho đủ môn thì mình không đánh giá  mà cũng không nên đánh giá 1 môn học là vô dụng hay không nếu học với tiêu chí đấy.",Lò Đức quá chi tiết ạ
"Mọi người ơi, cho e xin review thầy cô học cải thiện môn Đại số với ạ",Học thầy Trần Thanh Tùng ấy :)),Phạm Việt Hoàng m có đc A+ đâu ??
Cho em xin review các môn này với ạ+ CSDL thầy Vũ Bá Duy + cô Cẩm Vân+ OOP thầy Võ Đình Hiếu+ KTMT thầy Ngọc Hóa+ XSTK thầy Đặng Cao Cường,"Csdl tuyệt vời, 10 điểm",Phạm Tú tin chuẩn không anh
Cho em xin review các môn này với ạ+ CSDL thầy Vũ Bá Duy + cô Cẩm Vân+ OOP thầy Võ Đình Hiếu+ KTMT thầy Ngọc Hóa+ XSTK thầy Đặng Cao Cường,Chạy ngay khỏi thầy Duy e nhé =]]]],Nam Hà =))) thầy làm gì với bro à
Cho em xin review các môn này với ạ+ CSDL thầy Vũ Bá Duy + cô Cẩm Vân+ OOP thầy Võ Đình Hiếu+ KTMT thầy Ngọc Hóa+ XSTK thầy Đặng Cao Cường,Chạy ngay khỏi thầy Duy e nhé =]]]],Nam Hà cậu tệ thế
Cho em xin review các môn này với ạ+ CSDL thầy Vũ Bá Duy + cô Cẩm Vân+ OOP thầy Võ Đình Hiếu+ KTMT thầy Ngọc Hóa+ XSTK thầy Đặng Cao Cường,run from (1) (đã trải nghiệm) và (2) (4) (nghe bảo thế),Nguyễn Hoài Ngân
Cho em xin review các môn này với ạ+ CSDL thầy Vũ Bá Duy + cô Cẩm Vân+ OOP thầy Võ Đình Hiếu+ KTMT thầy Ngọc Hóa+ XSTK thầy Đặng Cao Cường,"(1) run away, (4) mr Đô and Vinh is da best,",Vũ Minh Hiếu Thầy Duy dạy dễ hiểu mà.
Cho em xin review các môn này với ạ+ CSDL thầy Vũ Bá Duy + cô Cẩm Vân+ OOP thầy Võ Đình Hiếu+ KTMT thầy Ngọc Hóa+ XSTK thầy Đặng Cao Cường,Trần Thanh Thảo thầy Cường ổn k cậu,
Cho em xin review các môn này với ạ+ CSDL thầy Vũ Bá Duy + cô Cẩm Vân+ OOP thầy Võ Đình Hiếu+ KTMT thầy Ngọc Hóa+ XSTK thầy Đặng Cao Cường,"KTMT aim thầy Trần Trọng Hiếu hoặc Trần Xuân Tú hoặc Nguyễn Trí Thành nha XSTK muốn kiếm A+ easily thì aim thầy Đô OOP thầy Võ Đình Hiếu là tốt nhất rồi, giữ lại nhó",Lê Dương XSTK Thầy Nghiêm Nguyễn Việt Dũng oke không ạ?
Cho em xin review các môn này với ạ+ CSDL thầy Vũ Bá Duy + cô Cẩm Vân+ OOP thầy Võ Đình Hiếu+ KTMT thầy Ngọc Hóa+ XSTK thầy Đặng Cao Cường,"(1) sucks, no hope, the end of sunshine and happiness",Bùi Hùng cơn ác mộng của bhvh =)))))))))
Cho em xin review các môn này với ạ+ CSDL thầy Vũ Bá Duy + cô Cẩm Vân+ OOP thầy Võ Đình Hiếu+ KTMT thầy Ngọc Hóa+ XSTK thầy Đặng Cao Cường,4 sure kèo run =))),
Cho em xin review các môn này với ạ+ CSDL thầy Vũ Bá Duy + cô Cẩm Vân+ OOP thầy Võ Đình Hiếu+ KTMT thầy Ngọc Hóa+ XSTK thầy Đặng Cao Cường,chí ý thì hãy thêm chữ thầy với chữ cô vào để tôn trọng họ chứ nhỉ ?,
Cho em xin review các môn này với ạ+ CSDL thầy Vũ Bá Duy + cô Cẩm Vân+ OOP thầy Võ Đình Hiếu+ KTMT thầy Ngọc Hóa+ XSTK thầy Đặng Cao Cường,1 bú đẫm2 nấu ăn3 không biết4 nấu ăn,
Em muốn xin review các thầy cô em sắp học năm tới ạXSTK - thầy Đặng Thanh HảiCSDL - cô Dư Phương Hạnh-TA và cô Nguyễn Ngọc Quỳnh-THDSA - thầy Lê Quang Hiếu-CL và thầy Kiều Hải Đăng-THKTMT - PGS.TS Nguyễn Ngọc Hóa OOP - thầy Trần Hoàng Việt,Thầy Hải dạy hay nha em!,em muốn hỏi về thầy cho điểm như nào ạ
Em muốn xin review các thầy cô em sắp học năm tới ạXSTK - thầy Đặng Thanh HảiCSDL - cô Dư Phương Hạnh-TA và cô Nguyễn Ngọc Quỳnh-THDSA - thầy Lê Quang Hiếu-CL và thầy Kiều Hải Đăng-THKTMT - PGS.TS Nguyễn Ngọc Hóa OOP - thầy Trần Hoàng Việt,Thầy Hải dạy hay nha em!,Pham An Duc Vinh công nhận
Em muốn xin review các thầy cô em sắp học năm tới ạXSTK - thầy Đặng Thanh HảiCSDL - cô Dư Phương Hạnh-TA và cô Nguyễn Ngọc Quỳnh-THDSA - thầy Lê Quang Hiếu-CL và thầy Kiều Hải Đăng-THKTMT - PGS.TS Nguyễn Ngọc Hóa OOP - thầy Trần Hoàng Việt,Thầy Hải dạy hay nha em!,"Pham An Duc Vinh thầy 10 điểm, không có nhưng"
Em muốn xin review các thầy cô em sắp học năm tới ạXSTK - thầy Đặng Thanh HảiCSDL - cô Dư Phương Hạnh-TA và cô Nguyễn Ngọc Quỳnh-THDSA - thầy Lê Quang Hiếu-CL và thầy Kiều Hải Đăng-THKTMT - PGS.TS Nguyễn Ngọc Hóa OOP - thầy Trần Hoàng Việt,Thầy Hải dạy hay nha em!,Pham An Duc Vinh Hay anh ạ
Em muốn xin review các thầy cô em sắp học năm tới ạXSTK - thầy Đặng Thanh HảiCSDL - cô Dư Phương Hạnh-TA và cô Nguyễn Ngọc Quỳnh-THDSA - thầy Lê Quang Hiếu-CL và thầy Kiều Hải Đăng-THKTMT - PGS.TS Nguyễn Ngọc Hóa OOP - thầy Trần Hoàng Việt,Thầy Hải dạy hay nha em!,Pham An Duc Vinh tin chuẩn ko anh
Em muốn xin review các thầy cô em sắp học năm tới ạXSTK - thầy Đặng Thanh HảiCSDL - cô Dư Phương Hạnh-TA và cô Nguyễn Ngọc Quỳnh-THDSA - thầy Lê Quang Hiếu-CL và thầy Kiều Hải Đăng-THKTMT - PGS.TS Nguyễn Ngọc Hóa OOP - thầy Trần Hoàng Việt,"DSA thầy Hiếu oke nhé em, OOP thầy Việt nữa XSTK thầy Đặng Thanh Hải cx oke, nhma có thể chọn thầy Lê Phê Đô cũng rất được nhé",
Em muốn xin review các thầy cô em sắp học năm tới ạXSTK - thầy Đặng Thanh HảiCSDL - cô Dư Phương Hạnh-TA và cô Nguyễn Ngọc Quỳnh-THDSA - thầy Lê Quang Hiếu-CL và thầy Kiều Hải Đăng-THKTMT - PGS.TS Nguyễn Ngọc Hóa OOP - thầy Trần Hoàng Việt,"Ktmt thầy Hoá thì... khóMôn đấy nhiều cái hơi trừu tượng nên khó kp do thầy. Còn thầy thì cũng k quá áp lực với sinh viên, nmà đừng để đầu rỗng là được",Nghia Be anh có recommend thầy nào không ạ
Em muốn xin review các thầy cô em sắp học năm tới ạXSTK - thầy Đặng Thanh HảiCSDL - cô Dư Phương Hạnh-TA và cô Nguyễn Ngọc Quỳnh-THDSA - thầy Lê Quang Hiếu-CL và thầy Kiều Hải Đăng-THKTMT - PGS.TS Nguyễn Ngọc Hóa OOP - thầy Trần Hoàng Việt,Nguyễn Trang  hoc dsa hong,"Diễm Quỳnh học đi bạn, thầy này là ổn nhất đấy ..."
Em muốn xin review các thầy cô em sắp học năm tới ạXSTK - thầy Đặng Thanh HảiCSDL - cô Dư Phương Hạnh-TA và cô Nguyễn Ngọc Quỳnh-THDSA - thầy Lê Quang Hiếu-CL và thầy Kiều Hải Đăng-THKTMT - PGS.TS Nguyễn Ngọc Hóa OOP - thầy Trần Hoàng Việt,Nguyễn Trang  hoc dsa hong,Diễm Quỳnh honggggggggg
Em muốn xin review các thầy cô em sắp học năm tới ạXSTK - thầy Đặng Thanh HảiCSDL - cô Dư Phương Hạnh-TA và cô Nguyễn Ngọc Quỳnh-THDSA - thầy Lê Quang Hiếu-CL và thầy Kiều Hải Đăng-THKTMT - PGS.TS Nguyễn Ngọc Hóa OOP - thầy Trần Hoàng Việt,"thầy Việt dạy dễ hiểu, trong lớp ghi chép vở đầy đủ là giữa kỳ điểm cao (gki kiểm tra tự luận, dc dùng tài liệu). Mình thấy thầy dạy nhiệt huyết và dễ tính nếu bạn nghiêm túc học hành ^^ đi học đầy đủ vì thầy có điểm danh",
Em muốn xin review các thầy cô em sắp học năm tới ạXSTK - thầy Đặng Thanh HảiCSDL - cô Dư Phương Hạnh-TA và cô Nguyễn Ngọc Quỳnh-THDSA - thầy Lê Quang Hiếu-CL và thầy Kiều Hải Đăng-THKTMT - PGS.TS Nguyễn Ngọc Hóa OOP - thầy Trần Hoàng Việt,"dsa mình học thầy Đăng thực hành, cũng chủ yếu lên lớp tự làm bài thôi. có gì khó hỏi thầy. Mình thấy thầy cho điểm không khó nên học cx oke",
Em muốn xin review các thầy cô em sắp học năm tới ạXSTK - thầy Đặng Thanh HảiCSDL - cô Dư Phương Hạnh-TA và cô Nguyễn Ngọc Quỳnh-THDSA - thầy Lê Quang Hiếu-CL và thầy Kiều Hải Đăng-THKTMT - PGS.TS Nguyễn Ngọc Hóa OOP - thầy Trần Hoàng Việt,mình ko học xstk thầy Hải nhưng học thầy toán rr nếu là mình thì mình sẽ không chọn học thầy nữa đâu nên bạn tự hiểu =))))),
mn cho em xin review về môn Kiểm thử và đảm bảo chất lượng phần mềm của thầy Nguyễn Văn Sơn với ạ. Em cảm ơn ạ,Một từ: Học ^^,Tạ Hàn  a có thể nói rõ hơn về cách dạy cũng như kiểm tra của thầy được ko ạ
mn cho em xin review về môn Kiểm thử và đảm bảo chất lượng phần mềm của thầy Nguyễn Văn Sơn với ạ. Em cảm ơn ạ,"Tuyệt vời 10 điểm luôn em nhé, thầy nhiệt tình, cho điểm dễ trong trường hợp em chịu học :))",
mn cho em xin review về môn Kiểm thử và đảm bảo chất lượng phần mềm của thầy Nguyễn Văn Sơn với ạ. Em cảm ơn ạ,"điểm cao, thầy nhiệt tình",Hoàng Đạo ủa là cao dữ chưa:)))
mn cho em xin review về môn Kiểm thử và đảm bảo chất lượng phần mềm của thầy Nguyễn Văn Sơn với ạ. Em cảm ơn ạ,"điểm cao, thầy nhiệt tình",Hoàng Đạo kì này thầy dạy lần đầu mà nên cao
mn cho em xin review về môn Kiểm thử và đảm bảo chất lượng phần mềm của thầy Nguyễn Văn Sơn với ạ. Em cảm ơn ạ,1 câu chuyện buồn,
Các tiền bối cho em xin review về các thầy và môn học sau với.1. Cô Ma Thị Châu : Môn CTDL&GT.2. Thầy Nguyễn Kiên Cường : Môn Cơ nhiệt.,"Trương Hoàng Giang thầy KC cơ nhiệt kìa, review xem nào",thầy dạy giáo trình tiếng anh rất tốt có tâmthoải mái với học sinh điểm kém hay đến muộn cũng k phàn nàn gì đâu nhưng tổng kết thì nguyên như thế sml
Các tiền bối cho em xin review về các thầy và môn học sau với.1. Cô Ma Thị Châu : Môn CTDL&GT.2. Thầy Nguyễn Kiên Cường : Môn Cơ nhiệt.,"Trương Hoàng Giang thầy KC cơ nhiệt kìa, review xem nào",đang định học cải thiện =))))Giang học lại ko =)))))
Các tiền bối cho em xin review về các thầy và môn học sau với.1. Cô Ma Thị Châu : Môn CTDL&GT.2. Thầy Nguyễn Kiên Cường : Môn Cơ nhiệt.,"Trương Hoàng Giang thầy KC cơ nhiệt kìa, review xem nào",Dàn fan boi của thầy Nguyễn Kiên Cường đây à :)))
Các tiền bối cho em xin review về các thầy và môn học sau với.1. Cô Ma Thị Châu : Môn CTDL&GT.2. Thầy Nguyễn Kiên Cường : Môn Cơ nhiệt.,"Trương Hoàng Giang thầy KC cơ nhiệt kìa, review xem nào","haizz, đang nghe review còn đi học"
Các tiền bối cho em xin review về các thầy và môn học sau với.1. Cô Ma Thị Châu : Môn CTDL&GT.2. Thầy Nguyễn Kiên Cường : Môn Cơ nhiệt.,"Trương Hoàng Giang thầy KC cơ nhiệt kìa, review xem nào",Vcl review :)))
Các tiền bối cho em xin review về các thầy và môn học sau với.1. Cô Ma Thị Châu : Môn CTDL&GT.2. Thầy Nguyễn Kiên Cường : Môn Cơ nhiệt.,"Trương Hoàng Giang thầy KC cơ nhiệt kìa, review xem nào",các đại ca thế nào em theo các anh
Các tiền bối cho em xin review về các thầy và môn học sau với.1. Cô Ma Thị Châu : Môn CTDL&GT.2. Thầy Nguyễn Kiên Cường : Môn Cơ nhiệt.,"Trương Hoàng Giang thầy KC cơ nhiệt kìa, review xem nào",nghe quả học như nào tổng kết như thế là ko ưng rồi
Các tiền bối cho em xin review về các thầy và môn học sau với.1. Cô Ma Thị Châu : Môn CTDL&GT.2. Thầy Nguyễn Kiên Cường : Môn Cơ nhiệt.,"Trương Hoàng Giang thầy KC cơ nhiệt kìa, review xem nào",chắc vào năm đợi thầy Tú
Các tiền bối cho em xin review về các thầy và môn học sau với.1. Cô Ma Thị Châu : Môn CTDL&GT.2. Thầy Nguyễn Kiên Cường : Môn Cơ nhiệt.,"Trương Hoàng Giang thầy KC cơ nhiệt kìa, review xem nào",thi xong thầy bảo lớp nhiều 10 lắm :))
Các tiền bối cho em xin review về các thầy và môn học sau với.1. Cô Ma Thị Châu : Môn CTDL&GT.2. Thầy Nguyễn Kiên Cường : Môn Cơ nhiệt.,. Phan Đức Huân hè này ae cơ nhiệt,tạch tạch tạch
Các tiền bối cho em xin review về các thầy và môn học sau với.1. Cô Ma Thị Châu : Môn CTDL&GT.2. Thầy Nguyễn Kiên Cường : Môn Cơ nhiệt.,. Phan Đức Huân hè này ae cơ nhiệt,Quyết sống mái với môn ấy =))
Các tiền bối cho em xin review về các thầy và môn học sau với.1. Cô Ma Thị Châu : Môn CTDL&GT.2. Thầy Nguyễn Kiên Cường : Môn Cơ nhiệt.,. Phan Đức Huân hè này ae cơ nhiệt,Tạch thé lozz nào đc =))
Các tiền bối cho em xin review về các thầy và môn học sau với.1. Cô Ma Thị Châu : Môn CTDL&GT.2. Thầy Nguyễn Kiên Cường : Môn Cơ nhiệt.,. Phan Đức Huân hè này ae cơ nhiệt,Tạch
Các tiền bối cho em xin review về các thầy và môn học sau với.1. Cô Ma Thị Châu : Môn CTDL&GT.2. Thầy Nguyễn Kiên Cường : Môn Cơ nhiệt.,hôm nọ đại ca còn tư vấn e học cơ nhiệt mà  sao nay đã thấy học lại rồi,Cải thiện
Các tiền bối cho em xin review về các thầy và môn học sau với.1. Cô Ma Thị Châu : Môn CTDL&GT.2. Thầy Nguyễn Kiên Cường : Môn Cơ nhiệt.,sao vẫn học cơ nhiệt ???,Rảnh thì học ý c
Các tiền bối cho em xin review về các thầy và môn học sau với.1. Cô Ma Thị Châu : Môn CTDL&GT.2. Thầy Nguyễn Kiên Cường : Môn Cơ nhiệt.,".  thầy cường,  .sao k phải thầy châu nhỉ",
Các tiền bối cho em xin review về các thầy và môn học sau với.1. Cô Ma Thị Châu : Môn CTDL&GT.2. Thầy Nguyễn Kiên Cường : Môn Cơ nhiệt.,"em kì này học thầy Cường, và thật sự không hiểu thầy dạy gì",Dc học t.anh cơ sở 0
Các tiền bối cho em xin review về các thầy và môn học sau với.1. Cô Ma Thị Châu : Môn CTDL&GT.2. Thầy Nguyễn Kiên Cường : Môn Cơ nhiệt.,"em kì này học thầy Cường, và thật sự không hiểu thầy dạy gì",Bùi Hoàng Hồng Nhung chuẩn mẹ nó luôn
Các tiền bối cho em xin review về các thầy và môn học sau với.1. Cô Ma Thị Châu : Môn CTDL&GT.2. Thầy Nguyễn Kiên Cường : Môn Cơ nhiệt.,"em kì này học thầy Cường, và thật sự không hiểu thầy dạy gì",Thế học tiếp đi cho hiểu
Các tiền bối cho em xin review về các thầy và môn học sau với.1. Cô Ma Thị Châu : Môn CTDL&GT.2. Thầy Nguyễn Kiên Cường : Môn Cơ nhiệt.,"em kì này học thầy Cường, và thật sự không hiểu thầy dạy gì",Phan Đức Huân đợi cho đến khi gặp được thầy khác
Các tiền bối cho em xin review về các thầy và môn học sau với.1. Cô Ma Thị Châu : Môn CTDL&GT.2. Thầy Nguyễn Kiên Cường : Môn Cơ nhiệt.,"em kì này học thầy Cường, và thật sự không hiểu thầy dạy gì",Kỳ 1
Các tiền bối cho em xin review về các thầy và môn học sau với.1. Cô Ma Thị Châu : Môn CTDL&GT.2. Thầy Nguyễn Kiên Cường : Môn Cơ nhiệt.,"em kì này học thầy Cường, và thật sự không hiểu thầy dạy gì",thầy Hiện tuy dạy cũng k hiểu nhưng giữa kì coi dễ với chấm thoáng
Các tiền bối cho em xin review về các thầy và môn học sau với.1. Cô Ma Thị Châu : Môn CTDL&GT.2. Thầy Nguyễn Kiên Cường : Môn Cơ nhiệt.,"em kì này học thầy Cường, và thật sự không hiểu thầy dạy gì",Phan Quốc Việt thầy Cường cũng v
Các tiền bối cho em xin review về các thầy và môn học sau với.1. Cô Ma Thị Châu : Môn CTDL&GT.2. Thầy Nguyễn Kiên Cường : Môn Cơ nhiệt.,"em kì này học thầy Cường, và thật sự không hiểu thầy dạy gì","Cm nói linh tinh, thầy có hẳn 1 học trò cưng đấy Bùi Phương Nam Bùi Hoàng Hồng Nhung"
Các tiền bối cho em xin review về các thầy và môn học sau với.1. Cô Ma Thị Châu : Môn CTDL&GT.2. Thầy Nguyễn Kiên Cường : Môn Cơ nhiệt.,"em kì này học thầy Cường, và thật sự không hiểu thầy dạy gì",Nga Nguyễn hí hí
Các tiền bối cho em xin review về các thầy và môn học sau với.1. Cô Ma Thị Châu : Môn CTDL&GT.2. Thầy Nguyễn Kiên Cường : Môn Cơ nhiệt.,"em kì này học thầy Cường, và thật sự không hiểu thầy dạy gì",Chuẩn bị được học lại củng cố kiến thức nhờ thầy
Các tiền bối cho em xin review về các thầy và môn học sau với.1. Cô Ma Thị Châu : Môn CTDL&GT.2. Thầy Nguyễn Kiên Cường : Môn Cơ nhiệt.,.,
Các tiền bối cho em xin review về các thầy và môn học sau với.1. Cô Ma Thị Châu : Môn CTDL&GT.2. Thầy Nguyễn Kiên Cường : Môn Cơ nhiệt.,Cơ nhiệt thầy Long thầy Tú chuẩn bài,
Các tiền bối cho em xin review về các thầy và môn học sau với.1. Cô Ma Thị Châu : Môn CTDL&GT.2. Thầy Nguyễn Kiên Cường : Môn Cơ nhiệt.,Cơ nhiệt thầy Cường,
Các tiền bối cho em xin review về các thầy và môn học sau với.1. Cô Ma Thị Châu : Môn CTDL&GT.2. Thầy Nguyễn Kiên Cường : Môn Cơ nhiệt.,Shinichi Kudo,
